County Code,District Code,School Code,Total Tested At Entity Level,Total Tested with Scores,Grade,Test Id,CAASPP Reported Enrollment,Students Tested,Mean Scale Score,Percent Standard Exceeded,Percentage Standard Met,Percentage Standard Met and Above,Percentage Standard Nearly Met,Percentage Standard Not Met,Students with Scores
37,75614,100511,307,307,3,ELA,107,102,2395,16.67,23.53,40.2,21.57,38.24,102
37,68452,100925,309,309,3,ELA,111,110,2434,24.55,23.64,48.18,30,21.82,110
37,68452,100933,309,308,3,ELA,92,92,2389.9,11.96,20.65,32.61,25,42.39,92
37,73569,101071,1089,1073,3,ELA,172,152,2430.5,26,22,48,29.33,22.67,150
37,73569,101071,1089,1073,8,ELA,215,197,2580.1,17.53,39.69,57.22,30.41,12.37,194
37,68338,101204,304,303,8,ELA,102,101,2592.5,18.81,43.56,62.38,23.76,13.86,101
37,68338,101345,308,308,8,ELA,74,74,2537.4,6.76,33.78,40.54,31.08,28.38,74
37,68221,101360,209,209,3,ELA,41,40,2431.2,17.5,37.5,55,30,15,40
37,68221,101360,209,209,8,ELA,36,35,2582.6,11.43,45.71,57.14,37.14,5.71,35
37,68098,101535,501,501,3,ELA,98,95,2440.2,28.42,31.58,60,22.11,17.89,95
37,68098,101535,501,501,8,ELA,75,69,2587.7,14.49,44.93,59.42,31.88,8.7,69
37,68023,101592,626,626,3,ELA,152,149,2464.9,38.93,25.5,64.43,21.48,14.09,149
37,68304,102178,14,14,8,ELA,*,*,*,*,*,*,*,*,*
37,68304,102178,14,14,11,ELA,17,13,2552.8,7.69,30.77,38.46,38.46,23.08,13
37,68098,102590,1050,1050,8,ELA,360,358,2560.2,13.69,33.8,47.49,29.61,22.91,358
37,68098,102608,331,331,3,ELA,109,107,2364.8,5.61,14.02,19.63,28.04,52.34,107
37,68296,102822,484,484,3,ELA,134,131,2472.3,48.09,23.66,71.76,16.79,11.45,131
37,73791,105684,1906,1906,8,ELA,640,629,2611.4,26.07,46.42,72.5,20.35,7.15,629
37,73791,105726,604,603,11,ELA,611,604,2634.9,36.82,37.15,73.96,15.09,10.95,603
37,68452,105882,324,324,3,ELA,109,106,2373,7.55,12.26,19.81,27.36,52.83,106
37,68023,105957,432,432,3,ELA,97,95,2464.5,37.89,32.63,70.53,16.84,12.63,95
37,68023,105965,578,577,3,ELA,124,121,2465.6,43.8,23.97,67.77,19.83,12.4,121
37,68452,106120,109,109,11,ELA,164,109,2498.9,3.67,16.51,20.18,30.28,49.54,109
37,68346,106328,587,587,11,ELA,596,587,2692.2,63.88,23,86.88,9.2,3.92,587
37,68338,106732,99,99,11,ELA,101,99,2656.8,45.45,36.36,81.82,11.11,7.07,99
37,68338,106799,496,494,3,ELA,56,52,2398.3,15.38,11.54,26.92,42.31,30.77,52
37,68338,106799,496,494,8,ELA,89,84,2568.2,10.71,44.05,54.76,28.57,16.67,84
37,68338,106799,496,494,11,ELA,119,113,2620.8,34.51,34.51,69.03,15.93,15.04,113
37,68338,107029,185,185,11,ELA,202,185,2666.6,46.49,38.92,85.41,10.27,4.32,185
37,68338,107052,124,124,11,ELA,147,124,2515.4,4.84,23.39,28.23,29.03,42.74,124
37,68338,107078,83,83,11,ELA,85,83,2665.9,40.96,43.37,84.34,10.84,4.82,83
37,68338,107086,93,93,11,ELA,95,93,2675.3,54.84,32.26,87.1,10.75,2.15,93
37,68338,107094,82,82,11,ELA,87,82,2670.8,46.34,40.24,86.59,10.98,2.44,82
37,68338,107102,66,66,11,ELA,67,66,2648.7,37.88,36.36,74.24,19.7,6.06,66
37,68338,107177,240,240,11,ELA,262,240,2536.9,11.25,25.42,36.67,26.25,37.08,240
37,68338,107219,130,130,11,ELA,134,130,2585.1,16.15,36.15,52.31,31.54,16.15,130
37,68338,107482,21,21,11,ELA,26,21,2591.2,19.05,33.33,52.38,33.33,14.29,21
37,73551,107557,500,500,8,ELA,140,138,2596.9,26.09,37.68,63.77,20.29,15.94,138
37,68338,107573,300,300,8,ELA,102,101,2573.7,17.82,36.63,54.46,26.73,18.81,101
37,68098,107862,306,305,3,ELA,100,99,2427.8,20.41,29.59,50,28.57,21.43,98
37,68098,107870,256,256,3,ELA,68,67,2445.2,35.82,29.85,65.67,17.91,16.42,67
37,68338,108266,220,219,3,ELA,42,42,2409,11.9,35.71,47.62,33.33,19.05,42
37,68338,108266,220,219,8,ELA,39,39,2548.4,10.26,38.46,48.72,20.51,30.77,39
37,68338,108274,490,483,3,ELA,173,170,2368.6,6.63,17.47,24.1,23.49,52.41,166
37,68338,108282,173,173,3,ELA,68,62,2360.8,3.23,17.74,20.97,25.81,53.23,62
37,68338,108290,234,234,3,ELA,78,75,2394.1,9.33,21.33,30.67,34.67,34.67,75
37,68296,108332,1354,1354,8,ELA,444,438,2640.1,40.18,42.92,83.11,10.5,6.39,438
37,68338,108548,247,247,3,ELA,45,38,2349.8,7.89,13.16,21.05,15.79,63.16,38
37,68338,108548,247,247,8,ELA,41,37,2532.8,10.81,27.03,37.84,35.14,27.03,37
37,67991,108563,239,239,3,ELA,80,79,2427.7,22.78,29.11,51.9,29.11,18.99,79
37,68023,108662,492,492,3,ELA,111,111,2481.2,45.05,27.93,72.97,22.52,4.5,111
37,68338,108787,92,92,11,ELA,93,92,2640.7,28.26,50,78.26,17.39,4.35,92
37,68338,109033,179,179,3,ELA,63,59,2397.9,15.25,20.34,35.59,28.81,35.59,59
37,68338,109041,186,186,3,ELA,67,65,2375.7,7.69,15.38,23.08,35.38,41.54,65
37,68338,109157,412,411,8,ELA,146,142,2590.4,21.13,42.25,63.38,20.42,16.2,142
37,73791,109785,43,43,3,ELA,*,*,*,*,*,*,*,*,*
37,73791,109785,43,43,8,ELA,*,*,*,*,*,*,*,*,*
37,73791,109785,43,43,11,ELA,11,11,2574,9.09,36.36,45.45,36.36,18.18,11
37,68056,110114,345,345,3,ELA,79,78,2475.6,46.15,26.92,73.08,16.67,10.26,78
37,76851,110122,292,292,3,ELA,85,83,2444.4,26.51,28.92,55.42,27.71,16.87,83
37,67991,111005,593,592,8,ELA,213,201,2568.5,14.5,38.5,53,28.5,18.5,200
37,68296,111187,493,493,3,ELA,161,158,2496.5,54.43,23.42,77.85,13.29,8.86,158
37,68106,111195,278,274,11,ELA,295,278,2629,31.75,40.51,72.26,17.15,10.58,274
37,68452,111237,272,267,3,ELA,88,85,2364.8,6.17,14.81,20.99,24.69,54.32,81
37,73791,111468,562,562,3,ELA,181,176,2493.7,56.25,22.73,78.98,14.77,6.25,176
37,68411,111831,667,666,11,ELA,683,667,2651.9,40.99,39.04,80.03,14.26,5.71,666
37,68338,111864,140,140,3,ELA,60,58,2437.2,22.41,37.93,60.34,17.24,22.41,58
37,68338,111898,596,595,8,ELA,199,198,2585.3,19.19,40.91,60.1,24.75,15.15,198
37,68338,111906,348,348,8,ELA,119,119,2489.4,0.84,18.49,19.33,30.25,50.42,119
37,73551,113498,268,268,3,ELA,83,82,2464.8,47.56,23.17,70.73,10.98,18.29,82
37,73569,113514,332,332,3,ELA,104,103,2384.3,18.45,15.53,33.98,19.42,46.6,103
37,73569,113522,747,747,8,ELA,244,239,2545.7,6.69,36.82,43.51,28.87,27.62,239
37,68023,114009,499,499,3,ELA,122,122,2487.2,54.92,24.59,79.51,12.3,8.2,122
37,68338,114025,247,246,11,ELA,321,247,2513.9,4.07,22.76,26.83,29.27,43.9,246
37,68338,114033,249,249,3,ELA,97,91,2350.8,5.49,10.99,16.48,21.98,61.54,91
37,68338,114041,301,301,3,ELA,121,117,2404,17.95,21.37,39.32,24.79,35.9,117
37,68452,114264,43,43,11,ELA,43,43,2580.5,9.3,41.86,51.16,34.88,13.95,43
37,68338,114462,139,139,11,ELA,147,139,2596.9,25.9,30.22,56.12,26.62,17.27,139
37,68338,114520,20,20,11,ELA,22,20,2460,0,5,5,40,55,20
37,68452,114637,836,836,8,ELA,272,271,2595.1,18.82,46.13,64.94,23.25,11.81,271
37,76471,114678,160,160,11,ELA,161,160,2624.6,27.5,45,72.5,19.38,8.13,160
37,68056,114686,467,467,3,ELA,95,91,2516.4,70.33,18.68,89.01,10.99,0,91
37,76471,114694,115,115,11,ELA,116,115,2652.2,41.74,38.26,80,12.17,7.83,115
37,68452,115451,85,84,11,ELA,90,85,2416.4,0,1.19,1.19,13.1,85.71,84
37,68114,115519,*,*,8,ELA,*,*,*,*,*,*,*,*,*
37,68197,115543,19,19,8,ELA,14,12,2489.1,0,0,0,50,50,12
37,68411,115873,*,*,8,ELA,*,*,*,*,*,*,*,*,*
37,68411,115873,*,*,11,ELA,*,*,*,*,*,*,*,*,*
37,73791,116467,408,408,3,ELA,151,145,2435.6,24.83,33.79,58.62,20,21.38,145
37,68296,116475,357,357,3,ELA,134,130,2510.3,65.38,21.54,86.92,10.77,2.31,130
37,68296,116764,365,365,3,ELA,120,116,2487.4,54.31,22.41,76.72,17.24,6.03,116
37,68338,116939,499,499,8,ELA,143,135,2584.5,20,37.04,57.04,28.15,14.81,135
37,68338,117325,408,407,8,ELA,145,135,2480.1,2.96,15.56,18.52,24.44,57.04,135
37,68338,117333,340,339,8,ELA,133,125,2528.4,8.8,28,36.8,28,35.2,125
37,67983,117887,30,30,3,ELA,*,*,*,*,*,*,*,*,*
37,67983,117887,30,30,8,ELA,*,*,*,*,*,*,*,*,*
37,67983,117887,30,30,11,ELA,*,*,*,*,*,*,*,*,*
37,68338,118000,310,310,3,ELA,48,46,2442.6,28.26,28.26,56.52,32.61,10.87,46
37,68338,118000,310,310,8,ELA,52,50,2573.6,24,24,48,32,20,50
37,68338,118083,225,224,3,ELA,47,44,2406.9,18.18,22.73,40.91,22.73,36.36,44
37,68338,118083,225,224,8,ELA,43,41,2581.2,14.63,43.9,58.54,24.39,17.07,41
37,68338,118315,*,*,11,ELA,*,*,*,*,*,*,*,*,*
37,68189,118323,418,418,3,ELA,77,71,2394.6,11.27,26.76,38.03,16.9,45.07,71
37,68189,118323,418,418,8,ELA,44,40,2531.8,5,30,35,40,25,40
37,68189,118323,418,418,11,ELA,46,44,2588.7,18.18,38.64,56.82,22.73,20.45,44
37,68452,118430,425,425,11,ELA,430,425,2676.3,52.24,35.76,88,9.65,2.35,425
37,68338,118851,128,128,11,ELA,131,128,2512.5,7.03,21.09,28.13,22.66,49.22,128
37,68296,118935,480,480,11,ELA,488,480,2698.6,66.46,23.33,89.79,6.46,3.75,480
37,67991,119255,193,193,8,ELA,54,54,2612.3,24.07,48.15,72.22,22.22,5.56,54
37,76471,119271,318,318,8,ELA,107,103,2583.4,17.48,43.69,61.17,21.36,17.48,103
37,68213,119560,*,*,3,ELA,*,*,*,*,*,*,*,*,*
37,68213,119560,*,*,8,ELA,*,*,*,*,*,*,*,*,*
37,68213,119560,*,*,11,ELA,*,*,*,*,*,*,*,*,*
37,68023,119594,175,175,3,ELA,43,43,2381.2,13.95,18.6,32.56,11.63,55.81,43
37,68338,119610,758,758,8,ELA,199,197,2535.4,4.57,25.38,29.95,45.69,24.37,197
37,68338,119610,758,758,11,ELA,140,140,2555,7.86,27.86,35.71,39.29,25,140
37,68049,119990,399,399,11,ELA,436,399,2516.7,3.26,22.31,25.56,35.34,39.1,399
37,68338,120410,*,*,11,ELA,*,*,*,*,*,*,*,*,*
37,68338,121145,69,69,3,ELA,27,27,2349.7,7.41,11.11,18.52,18.52,62.96,27
37,68213,121582,230,230,8,ELA,56,55,2654.3,52.73,36.36,89.09,9.09,1.82,55
37,68338,121681,211,210,3,ELA,48,46,2393.9,8.7,19.57,28.26,34.78,36.96,46
37,68338,121681,211,210,8,ELA,30,28,2622.4,35.71,42.86,78.57,14.29,7.14,28
37,68338,122788,75,75,11,ELA,79,75,2621.7,30.67,37.33,68,22.67,9.33,75
37,75416,122796,13,13,3,ELA,*,*,*,*,*,*,*,*,*
37,68379,123000,691,691,3,ELA,108,100,2352.6,5,14,19,20,61,100
37,68379,123000,691,691,8,ELA,112,112,2527.3,4.46,25.89,30.36,37.5,32.14,112
37,76471,123042,298,298,8,ELA,103,99,2544.6,2.02,40.4,42.42,39.39,18.18,99
37,76471,123059,207,207,3,ELA,65,62,2411.9,22.58,16.13,38.71,25.81,35.48,62
37,68213,123224,132,132,8,ELA,42,23,2550.7,13.04,21.74,34.78,43.48,21.74,23
37,68213,123224,132,132,11,ELA,121,81,2595,22.22,33.33,55.56,25.93,18.52,81
37,68213,123240,50,50,3,ELA,*,*,*,*,*,*,*,*,*
37,68213,123240,50,50,8,ELA,*,*,*,*,*,*,*,*,*
37,68213,123240,50,50,11,ELA,*,*,*,*,*,*,*,*,*
37,68338,123778,167,167,3,ELA,29,29,2476.1,48.28,31.03,79.31,10.34,10.34,29
37,68338,123778,167,167,8,ELA,27,27,2592.6,22.22,40.74,62.96,25.93,11.11,27
37,68338,124115,577,577,8,ELA,198,192,2490.1,0.52,18.75,19.27,34.9,45.83,192
37,68338,124206,221,221,3,ELA,46,44,2371.4,9.09,15.91,25,20.45,54.55,44
37,68338,124206,221,221,8,ELA,23,20,2521.4,5,25,30,35,35,20
37,68163,124271,230,230,8,ELA,*,*,*,*,*,*,*,*,*
37,68163,124271,230,230,11,ELA,263,216,2480.6,1.39,16.2,17.59,25,57.41,216
37,68023,124321,153,153,3,ELA,28,28,2381,3.57,17.86,21.43,28.57,50,28
37,68023,124321,153,153,8,ELA,24,23,2561.4,17.39,30.43,47.83,26.09,26.09,23
37,68338,124347,126,126,8,ELA,47,40,2496.9,5,15,20,22.5,57.5,40
37,68452,124917,37,37,3,ELA,*,*,*,*,*,*,*,*,*
37,68452,124917,37,37,8,ELA,11,11,2554,0,54.55,54.55,18.18,27.27,11
37,68452,124917,37,37,11,ELA,16,14,2579.6,21.43,21.43,42.86,42.86,14.29,14
37,68403,125401,59,59,11,ELA,67,59,2536,6.78,25.42,32.2,32.2,35.59,59
37,68379,125518,139,139,3,ELA,149,139,2471.3,47.48,24.46,71.94,17.27,10.79,139
37,68411,126086,201,201,3,ELA,64,62,2452.4,33.87,24.19,58.06,25.81,16.13,62
37,68338,126151,164,164,3,ELA,39,37,2359.6,2.7,10.81,13.51,27.03,59.46,37
37,68338,126151,164,164,8,ELA,19,18,2486,0,16.67,16.67,33.33,50,18
37,68452,126300,32,32,8,ELA,14,11,2578.3,0,54.55,54.55,36.36,9.09,11
37,68452,126300,32,32,11,ELA,*,*,*,*,*,*,*,*,*
37,68338,126730,47,47,3,ELA,28,28,2474.2,39.29,35.71,75,21.43,3.57,28
37,68338,126938,*,*,3,ELA,*,*,*,*,*,*,*,*,*
37,68338,126938,*,*,8,ELA,*,*,*,*,*,*,*,*,*
37,68338,126938,*,*,11,ELA,*,*,*,*,*,*,*,*,*
37,68213,126995,58,58,8,ELA,20,20,2563.1,10,35,45,40,15,20
37,68213,127001,81,81,8,ELA,19,19,2551.4,5.26,36.84,42.11,42.11,15.79,19
37,68213,127084,142,142,3,ELA,27,15,2400.3,13.33,20,33.33,40,26.67,15
37,68213,127084,142,142,8,ELA,31,23,2557,17.39,26.09,43.48,39.13,17.39,23
37,68213,127084,142,142,11,ELA,29,20,2643.1,35,40,75,20,5,20
37,68049,127118,139,139,3,ELA,26,24,2455.5,29.17,45.83,75,8.33,16.67,24
37,68049,127118,139,139,8,ELA,27,26,2606.7,30.77,30.77,61.54,26.92,11.54,26
37,68049,127167,250,249,3,ELA,77,74,2437.6,20.27,35.14,55.41,27.03,17.57,74
37,68049,127167,250,249,8,ELA,25,25,2619.2,36,32,68,28,4,25
37,68106,127241,174,174,11,ELA,177,174,2677.2,53.45,30.46,83.91,13.22,2.87,174
37,73551,127423,303,303,11,ELA,317,303,2677.7,56.11,28.38,84.49,10.56,4.95,303
37,68023,127431,615,615,3,ELA,158,158,2481.3,50,24.68,74.68,17.09,8.23,158
37,76471,127605,176,176,3,ELA,64,63,2423.5,23.81,25.4,49.21,19.05,31.75,63
37,68338,127647,111,110,11,ELA,113,111,2603.2,21.82,37.27,59.09,24.55,16.36,110
37,68338,127654,80,80,3,ELA,35,29,2355.6,6.9,13.79,20.69,20.69,58.62,29
37,68338,128066,124,124,8,ELA,44,43,2563.1,11.63,39.53,51.16,30.23,18.6,43
37,68411,128082,148,148,3,ELA,72,72,2405,13.89,29.17,43.06,25,31.94,72
37,68452,128223,342,342,3,ELA,85,77,2419.6,23.38,23.38,46.75,20.78,32.47,77
37,68452,128223,342,342,8,ELA,41,39,2577.8,17.95,46.15,64.1,20.51,15.38,39
37,68163,128421,443,443,3,ELA,58,57,2373.1,3.51,21.05,24.56,22.81,52.63,57
37,68163,128421,443,443,8,ELA,81,76,2559.7,9.21,38.16,47.37,38.16,14.47,76
37,68163,128421,443,443,11,ELA,*,*,*,*,*,*,*,*,*
37,68437,128470,84,84,8,ELA,*,*,*,*,*,*,*,*,*
37,68437,128470,84,84,11,ELA,76,70,2555.4,2.86,32.86,35.71,44.29,20,70
37,68338,128744,44,44,8,ELA,*,*,*,*,*,*,*,*,*
37,68338,128744,44,44,11,ELA,23,22,2632,40.91,22.73,63.64,31.82,4.55,22
37,68098,128769,286,286,8,ELA,101,100,2564.3,11,38,49,29,22,100
37,68130,128793,*,*,8,ELA,*,*,*,*,*,*,*,*,*
37,68130,128793,*,*,11,ELA,*,*,*,*,*,*,*,*,*
37,68130,128819,*,*,11,ELA,*,*,*,*,*,*,*,*,*
37,68387,129049,323,323,3,ELA,80,80,2500,60,18.75,78.75,11.25,10,80
37,68296,129056,678,678,3,ELA,123,122,2471,44.26,25.41,69.67,22.13,8.2,122
37,68296,129056,678,678,8,ELA,111,105,2642.1,45.71,33.33,79.05,15.24,5.71,105
37,68049,129221,55,55,3,ELA,*,*,*,*,*,*,*,*,*
37,68049,129221,55,55,8,ELA,13,12,2542.8,16.67,16.67,33.33,41.67,25,12
37,68049,129221,55,55,11,ELA,*,*,*,*,*,*,*,*,*
37,76851,129320,52,52,11,ELA,57,52,2610,25,44.23,69.23,13.46,17.31,52
37,68338,129387,44,44,3,ELA,*,*,*,*,*,*,*,*,*
37,68338,129395,93,93,3,ELA,25,25,2533.9,76,16,92,4,4,25
37,68213,129668,*,*,8,ELA,*,*,*,*,*,*,*,*,*
37,68213,129668,*,*,11,ELA,*,*,*,*,*,*,*,*,*
37,67983,131144,67,67,11,ELA,83,67,2492,5.97,10.45,16.42,29.85,53.73,67
37,68049,131169,92,92,3,ELA,*,*,*,*,*,*,*,*,*
37,68049,131169,92,92,8,ELA,24,17,2449.8,0,17.65,17.65,11.76,70.59,17
37,68049,131169,92,92,11,ELA,32,19,2503.9,5.26,31.58,36.84,15.79,47.37,19
37,68304,131250,106,106,3,ELA,13,13,2488.4,46.15,38.46,84.62,15.38,0,13
37,68304,131250,106,106,8,ELA,25,22,2602.8,22.73,40.91,63.64,27.27,9.09,22
37,68304,131250,106,106,11,ELA,29,24,2633.3,37.5,29.17,66.67,16.67,16.67,24
37,68304,131268,140,140,3,ELA,33,33,2430.4,21.21,33.33,54.55,24.24,21.21,33
37,73791,131433,603,603,3,ELA,133,132,2468.2,44.7,26.52,71.21,15.91,12.88,132
37,68338,131565,207,207,3,ELA,61,60,2457.7,30,38.33,68.33,18.33,13.33,60
37,68346,131649,624,624,8,ELA,289,287,2654.7,50.52,34.49,85.02,11.85,3.14,287
37,68114,131920,325,325,3,ELA,82,82,2415,19.51,21.95,41.46,32.93,25.61,82
37,68338,131979,65,65,8,ELA,20,18,2470.9,0,16.67,16.67,27.78,55.56,18
37,68338,131979,65,65,11,ELA,41,33,2509.1,6.06,18.18,24.24,24.24,51.52,33
37,68197,132290,1029,1029,8,ELA,321,313,2592.6,20.45,43.45,63.9,24.92,11.18,313
37,68338,132316,229,229,3,ELA,87,83,2476.1,49.4,18.07,67.47,19.28,13.25,83
37,68197,132431,899,899,8,ELA,263,256,2551.5,10.55,32.81,43.36,29.69,26.95,256
37,75416,132472,668,668,3,ELA,125,98,2399,15.31,22.45,37.76,29.59,32.65,98
37,75416,132472,668,668,8,ELA,92,78,2583.3,15.38,39.74,55.13,33.33,11.54,78
37,75416,132472,668,668,11,ELA,79,61,2598,26.23,29.51,55.74,26.23,18.03,61
37,68049,132506,1347,1343,3,ELA,302,248,2393.1,14.11,19.35,33.47,29.84,36.69,248
37,68049,132506,1347,1343,8,ELA,222,191,2542.2,12.04,27.75,39.79,30.89,29.32,191
37,68049,132506,1347,1343,11,ELA,106,84,2557.3,19.05,22.62,41.67,26.19,32.14,84
37,68130,132548,52,52,11,ELA,53,52,2563.6,13.46,26.92,40.38,34.62,25,52
37,68221,132621,67,67,3,ELA,13,12,2375.3,8.33,16.67,25,33.33,41.67,12
37,68221,132621,67,67,8,ELA,*,*,*,*,*,*,*,*,*
37,76851,132886,201,201,3,ELA,36,36,2454.2,44.44,19.44,63.89,16.67,19.44,36
37,76851,132886,201,201,8,ELA,26,24,2581.8,25,37.5,62.5,12.5,25,24
37,76851,132886,201,201,11,ELA,47,42,2496.8,11.9,9.52,21.43,19.05,59.52,42
37,68197,132951,17,17,3,ELA,*,*,*,*,*,*,*,*,*
37,68197,132951,17,17,8,ELA,*,*,*,*,*,*,*,*,*
37,68098,133991,140,140,3,ELA,29,29,2381.1,3.45,31.03,34.48,31.03,34.48,29
37,68197,134155,726,725,8,ELA,241,231,2531.2,6.06,26.84,32.9,36.36,30.74,231
37,76901,134429,194,194,3,ELA,50,49,2409.6,22.45,18.37,40.82,22.45,36.73,49
37,76901,134429,194,194,8,ELA,25,22,2532.3,4.55,36.36,40.91,27.27,31.82,22
37,77032,134577,97,97,3,ELA,*,*,*,*,*,*,*,*,*
37,77032,134577,97,97,8,ELA,33,30,2542.3,6.67,40,46.67,26.67,26.67,30
37,77032,134577,97,97,11,ELA,53,51,2629.1,29.41,47.06,76.47,15.69,7.84,51
37,67983,134890,16,16,11,ELA,40,16,2465.8,0,0,0,50,50,16
37,73551,3730017,48,47,11,ELA,51,48,2532.8,4.26,17.02,21.28,53.19,25.53,47
37,68346,3730033,577,577,11,ELA,587,577,2630,38.82,29.46,68.28,17.85,13.86,577
37,68106,3730058,539,537,11,ELA,556,539,2608.2,26.63,36.87,63.5,20.3,16.2,537
37,68130,3730066,523,523,11,ELA,546,523,2635.1,40.92,32.89,73.8,13.19,13,523
37,68296,3730074,454,453,11,ELA,470,454,2654,44.81,34.88,79.69,12.36,7.95,453
37,68338,3730116,185,185,3,ELA,*,*,*,*,*,*,*,*,*
37,68338,3730116,185,185,8,ELA,32,31,2601.3,35.48,19.35,54.84,29.03,16.13,31
37,68338,3730116,185,185,11,ELA,*,*,*,*,*,*,*,*,*
37,68411,3730124,464,455,11,ELA,481,464,2537.2,11.65,24.62,36.26,27.25,36.48,455
37,68338,3730173,398,398,11,ELA,408,398,2628.3,33.42,36.68,70.1,19.1,10.8,398
37,68338,3730181,506,506,11,ELA,529,506,2668.8,47.43,37.75,85.18,11.86,2.96,506
37,73791,3730215,76,76,11,ELA,77,76,2520.3,2.63,19.74,22.37,46.05,31.58,76
37,68338,3730231,145,145,11,ELA,170,145,2496.5,5.52,15.17,20.69,22.76,56.55,145
37,68338,3730314,445,445,11,ELA,459,445,2683.4,59.33,24.27,83.6,11.01,5.39,445
37,68338,3730363,*,*,8,ELA,*,*,*,*,*,*,*,*,*
37,68338,3730363,*,*,11,ELA,*,*,*,*,*,*,*,*,*
37,68338,3730371,794,792,8,ELA,196,195,2575.5,24.1,30.26,54.36,23.59,22.05,195
37,68338,3730371,794,792,11,ELA,187,182,2657,43.09,38.12,81.22,13.81,4.97,181
37,68411,3730405,552,551,11,ELA,562,552,2644.2,38.29,39.56,77.86,16.7,5.44,551
37,67983,3730447,36,36,11,ELA,39,36,2603.7,27.78,33.33,61.11,22.22,16.67,36
37,73551,3730694,501,500,11,ELA,561,501,2632.2,31.6,40.4,72,18.4,9.6,500
37,68130,3730702,399,399,11,ELA,421,399,2665.4,50.38,31.58,81.95,10.53,7.52,399
37,68452,3730728,505,505,11,ELA,509,505,2638.6,33.27,44.36,77.62,16.04,6.34,505
37,68338,3730751,95,95,3,ELA,*,*,*,*,*,*,*,*,*
37,68338,3730751,95,95,8,ELA,36,19,2650.2,42.11,47.37,89.47,5.26,5.26,19
37,68338,3730751,95,95,11,ELA,34,18,2715.2,77.78,16.67,94.44,5.56,0,18
37,73791,3730793,21,21,11,ELA,30,21,2551.4,9.52,23.81,33.33,38.1,28.57,21
37,68411,3730801,312,312,11,ELA,336,312,2574.2,18.91,33.97,52.88,21.15,25.96,312
37,68296,3730819,528,528,11,ELA,545,528,2661,46.02,33.71,79.73,13.83,6.44,528
37,68411,3730843,809,809,11,ELA,826,809,2659,46.48,34.98,81.46,11.87,6.67,809
37,68338,3730884,511,511,11,ELA,518,511,2684.2,55.58,30.72,86.3,10.76,2.94,511
37,68213,3730934,*,*,11,ELA,*,*,*,*,*,*,*,*,*
37,68452,3730942,864,848,3,ELA,38,37,2409.7,24.32,18.92,43.24,24.32,32.43,37
37,68452,3730942,864,848,8,ELA,189,188,2574.8,15.96,37.77,53.72,29.26,17.02,188
37,68452,3730942,864,848,11,ELA,141,140,2679.7,51.43,37.14,88.57,10,1.43,140
37,68338,3730959,379,379,8,ELA,129,120,2517.4,3.33,26.67,30,31.67,38.33,120
37,68338,3730959,379,379,11,ELA,196,175,2603.3,20.57,41.71,62.29,24,13.71,175
37,68122,3730967,32,32,11,ELA,32,32,2614.2,18.75,59.38,78.13,12.5,9.38,32
37,75416,3730975,37,36,8,ELA,*,*,*,*,*,*,*,*,*
37,75416,3730975,37,36,11,ELA,13,12,2522.7,8.33,25,33.33,16.67,50,12
37,68213,3730991,*,*,8,ELA,*,*,*,*,*,*,*,*,*
37,68213,3730991,*,*,11,ELA,*,*,*,*,*,*,*,*,*
37,68346,3731007,404,403,11,ELA,423,404,2644.8,40.94,36.97,77.92,11.91,10.17,403
37,68106,3731023,173,173,11,ELA,186,173,2656.9,43.35,38.73,82.08,14.45,3.47,173
37,68338,3731056,*,*,11,ELA,*,*,*,*,*,*,*,*,*
37,68411,3731064,583,583,11,ELA,611,583,2572.1,16.12,30.19,46.31,30.53,23.16,583
37,68189,3731072,123,123,8,ELA,38,36,2663.3,55.56,41.67,97.22,2.78,0,36
37,68189,3731072,123,123,11,ELA,62,54,2696.9,57.41,40.74,98.15,1.85,0,54
37,68213,3731080,*,*,8,ELA,*,*,*,*,*,*,*,*,*
37,68213,3731080,*,*,11,ELA,*,*,*,*,*,*,*,*,*
37,75614,3731114,260,260,11,ELA,270,260,2618.4,33.46,30.77,64.23,21.54,14.23,260
37,68338,3731130,24,24,8,ELA,14,13,2410.2,0,0,0,15.38,84.62,13
37,68338,3731130,24,24,11,ELA,*,*,*,*,*,*,*,*,*
37,68411,3731155,68,68,8,ELA,14,13,2518.2,0,30.77,30.77,30.77,38.46,13
37,68411,3731155,68,68,11,ELA,41,39,2563.9,10.26,25.64,35.9,43.59,20.51,39
37,73551,3731163,16,16,11,ELA,19,16,2675,50,37.5,87.5,12.5,0,16
37,68338,3731189,464,463,8,ELA,122,122,2601.9,13.93,59.84,73.77,17.21,9.02,122
37,68338,3731189,464,463,11,ELA,100,98,2669.7,44.9,44.9,89.8,8.16,2.04,98
37,68338,3731213,213,213,11,ELA,219,213,2597.2,22.07,36.15,58.22,25.35,16.43,213
37,73569,3731221,250,250,3,ELA,*,*,*,*,*,*,*,*,*
37,73569,3731221,250,250,8,ELA,38,38,2493.5,0,15.79,15.79,39.47,44.74,38
37,73569,3731221,250,250,11,ELA,125,107,2538,1.87,26.17,28.04,47.66,24.3,107
37,68163,3731239,1355,1351,3,ELA,225,208,2417.4,16.99,30.1,47.09,27.67,25.24,206
37,68163,3731239,1355,1351,8,ELA,209,196,2586.6,20.41,38.78,59.18,29.59,11.22,196
37,68163,3731239,1355,1351,11,ELA,133,123,2604.3,21.95,39.02,60.98,26.02,13.01,123
37,68338,3731247,136,136,11,ELA,138,136,2650.9,41.18,41.18,82.35,11.76,5.88,136
37,68130,3731262,499,499,11,ELA,511,499,2638.8,37.27,37.68,74.95,16.23,8.82,499
37,68411,3731304,71,71,11,ELA,78,71,2436.8,1.41,7.04,8.45,15.49,76.06,71
37,75614,3731312,31,31,11,ELA,31,31,2438,0,9.68,9.68,12.9,77.42,31
37,68338,3731395,156,156,3,ELA,*,*,*,*,*,*,*,*,*
37,68338,3731395,156,156,8,ELA,29,27,2527.1,3.7,29.63,33.33,29.63,37.04,27
37,68338,3731395,156,156,11,ELA,65,63,2598.8,15.87,41.27,57.14,33.33,9.52,63
37,68411,3731460,*,*,8,ELA,*,*,*,*,*,*,*,*,*
37,68411,3731460,*,*,11,ELA,*,*,*,*,*,*,*,*,*
37,68031,3731478,299,299,11,ELA,313,299,2647.6,39.46,37.79,77.26,12.71,10.03,299
37,68411,3731502,564,560,11,ELA,587,564,2563,16.61,29.29,45.89,25.36,28.75,560
37,68296,3731528,550,549,8,ELA,*,*,*,*,*,*,*,*,*
37,68296,3731528,550,549,11,ELA,572,550,2661.2,47.18,33.52,80.69,12.57,6.74,549
37,68130,3731536,34,31,11,ELA,36,34,2709.7,67.74,29.03,96.77,3.23,0,31
37,68338,3731551,932,928,8,ELA,327,321,2532.9,8.41,28.35,36.76,28.66,34.58,321
37,75614,3731601,33,33,3,ELA,*,*,*,*,*,*,*,*,*
37,75614,3731601,33,33,8,ELA,*,*,*,*,*,*,*,*,*
37,75614,3731601,33,33,11,ELA,*,*,*,*,*,*,*,*,*
37,68411,3731627,636,636,11,ELA,656,636,2632.5,33.49,40.41,73.9,15.88,10.22,636
37,68130,3731692,379,377,11,ELA,440,379,2555.6,15.12,29.44,44.56,23.34,32.1,377
37,68130,3731809,342,342,11,ELA,351,342,2604.3,25.15,35.67,60.82,22.51,16.67,342
37,68452,3732039,59,41,11,ELA,62,59,2462,0,9.76,9.76,26.83,63.41,41
37,68411,3732047,91,91,11,ELA,93,91,2491.1,3.3,8.79,12.09,32.97,54.95,91
37,68106,3732054,109,107,11,ELA,128,109,2458.7,0,6.54,6.54,27.1,66.36,107
37,68106,3732062,555,551,11,ELA,575,555,2596.7,23.05,34.12,57.17,24.68,18.15,551
37,68122,3732179,431,431,11,ELA,440,431,2574.8,18.1,31.32,49.42,27.38,23.2,431
37,68122,3732195,43,43,11,ELA,44,43,2467.1,0,11.63,11.63,20.93,67.44,43
37,68130,3732336,526,526,11,ELA,539,526,2610.3,26.05,40.49,66.54,20.15,13.31,526
37,68130,3732559,28,28,11,ELA,32,28,2427.3,0,0,0,28.57,71.43,28
37,68130,3732625,550,550,11,ELA,558,550,2620.6,30.55,36.73,67.27,19.45,13.27,550
37,68130,3732732,577,577,11,ELA,583,577,2658.6,44.89,35.18,80.07,14.56,5.37,577
37,68338,3732781,529,528,11,ELA,543,529,2661.1,45.45,36.74,82.2,11.55,6.25,528
37,68411,3732849,490,490,11,ELA,505,490,2600.1,22.04,38.37,60.41,25.1,14.49,490
37,68338,3732997,456,450,11,ELA,474,456,2564.6,14.89,30.89,45.78,26.22,28,450
37,68171,3733219,42,42,11,ELA,42,42,2602.9,14.29,42.86,57.14,30.95,11.9,42
37,68338,3733508,336,334,11,ELA,383,336,2638.9,40.42,29.64,70.06,17.07,12.87,334
37,68338,3733698,241,241,11,ELA,243,241,2591.7,23.65,34.44,58.09,21.58,20.33,241
37,68411,3733953,400,400,11,ELA,412,400,2571.4,15.5,30,45.5,31.5,23,400
37,68338,3734431,211,211,11,ELA,221,211,2597.3,22.75,33.65,56.4,26.07,17.54,211
37,68130,3734548,318,318,11,ELA,331,318,2610.1,28.62,33.65,62.26,23.9,13.84,318
37,68338,3734654,370,368,11,ELA,392,370,2589.9,19.84,38.32,58.15,20.11,21.74,368
37,68130,3734761,253,251,11,ELA,272,253,2569.2,17.53,30.68,48.21,25.9,25.9,251
37,68213,3734878,85,85,11,ELA,87,85,2578.8,20,29.41,49.41,27.06,23.53,85
37,73569,3735206,433,429,11,ELA,495,433,2566.6,14.69,31.93,46.62,27.27,26.11,429
37,68106,3735313,436,436,11,ELA,450,436,2577,18.35,32.11,50.46,24.54,25,436
37,68338,3735750,413,412,11,ELA,428,413,2618.5,30.58,35.19,65.78,21.84,12.38,412
37,68296,3735842,53,53,11,ELA,58,53,2534.6,7.55,22.64,30.19,39.62,30.19,53
37,68296,3735867,504,504,11,ELA,523,504,2624.7,30.56,36.51,67.06,22.82,10.12,504
37,68304,3735958,53,53,11,ELA,54,53,2444.7,0,5.66,5.66,18.87,75.47,53
37,68304,3735974,328,327,11,ELA,337,328,2610.9,23.55,43.12,66.67,22.32,11.01,327
37,68346,3737384,45,45,11,ELA,54,45,2617.9,26.67,44.44,71.11,15.56,13.33,45
37,68346,3737418,465,465,11,ELA,475,465,2677.8,52.9,33.76,86.67,10.32,3.01,465
37,73791,3737632,734,734,11,ELA,741,734,2657.3,47.96,32.56,80.52,9.95,9.54,734
37,68130,3737905,334,334,11,ELA,353,334,2634,36.53,38.92,75.45,14.37,10.18,334
37,68338,3737962,92,92,11,ELA,120,92,2488.3,2.17,11.96,14.13,31.52,54.35,92
37,68411,3738226,727,727,11,ELA,739,727,2582.8,19.26,33.7,52.96,25.58,21.46,727
37,68411,3738234,406,406,11,ELA,413,406,2591.2,22.66,35.71,58.37,20.94,20.69,406
37,68452,3738705,534,534,11,ELA,563,534,2603.2,21.35,40.26,61.61,23.03,15.36,534
37,73569,3739018,608,606,11,ELA,660,608,2601.8,24.26,34.49,58.75,24.09,17.16,606
37,73569,3739026,44,44,11,ELA,56,44,2460,2.27,13.64,15.91,13.64,70.45,44
37,67991,3767991,*,*,3,ELA,*,*,*,*,*,*,*,*,*
37,67991,3767991,*,*,8,ELA,*,*,*,*,*,*,*,*,*
37,68031,3768031,*,*,3,ELA,*,*,*,*,*,*,*,*,*
37,68031,3768031,*,*,11,ELA,*,*,*,*,*,*,*,*,*
37,68106,3768106,*,*,11,ELA,*,*,*,*,*,*,*,*,*
37,68114,3768114,*,*,8,ELA,*,*,*,*,*,*,*,*,*
37,68130,3768130,*,*,11,ELA,*,*,*,*,*,*,*,*,*
37,68189,3768189,*,*,3,ELA,*,*,*,*,*,*,*,*,*
37,68189,3768189,*,*,8,ELA,*,*,*,*,*,*,*,*,*
37,68197,3768197,*,*,8,ELA,*,*,*,*,*,*,*,*,*
37,68221,3768221,*,*,3,ELA,*,*,*,*,*,*,*,*,*
37,68296,3768296,*,*,3,ELA,*,*,*,*,*,*,*,*,*
37,68296,3768296,*,*,8,ELA,*,*,*,*,*,*,*,*,*
37,68304,3768304,*,*,3,ELA,*,*,*,*,*,*,*,*,*
37,68304,3768304,*,*,8,ELA,*,*,*,*,*,*,*,*,*
37,68304,3768304,*,*,11,ELA,*,*,*,*,*,*,*,*,*
37,68338,3768338,39,39,3,ELA,*,*,*,*,*,*,*,*,*
37,68338,3768338,39,39,8,ELA,*,*,*,*,*,*,*,*,*
37,68338,3768338,39,39,11,ELA,*,*,*,*,*,*,*,*,*
37,68346,3768346,*,*,8,ELA,*,*,*,*,*,*,*,*,*
37,68346,3768346,*,*,11,ELA,*,*,*,*,*,*,*,*,*
37,68361,3768361,*,*,3,ELA,*,*,*,*,*,*,*,*,*
37,68361,3768361,*,*,8,ELA,*,*,*,*,*,*,*,*,*
37,68387,3768387,*,*,3,ELA,*,*,*,*,*,*,*,*,*
37,68411,3768411,98,96,8,ELA,67,32,2506.3,3.33,16.67,20,33.33,46.67,30
37,68411,3768411,98,96,11,ELA,129,51,2555.2,7.84,33.33,41.18,31.37,27.45,51
37,68452,3768452,*,*,8,ELA,*,*,*,*,*,*,*,*,*
37,68452,3768452,*,*,11,ELA,*,*,*,*,*,*,*,*,*
37,73551,3773551,*,*,8,ELA,*,*,*,*,*,*,*,*,*
37,73569,3773569,*,*,3,ELA,*,*,*,*,*,*,*,*,*
37,73569,3773569,*,*,8,ELA,*,*,*,*,*,*,*,*,*
37,73569,3773569,*,*,11,ELA,*,*,*,*,*,*,*,*,*
37,73791,3773791,*,*,3,ELA,*,*,*,*,*,*,*,*,*
37,73791,3773791,*,*,8,ELA,*,*,*,*,*,*,*,*,*
37,73791,3773791,*,*,11,ELA,*,*,*,*,*,*,*,*,*
37,75614,3775614,*,*,3,ELA,*,*,*,*,*,*,*,*,*
37,75614,3775614,*,*,8,ELA,*,*,*,*,*,*,*,*,*
37,67967,6037519,181,181,3,ELA,45,44,2408.7,9.09,20.45,29.55,45.45,25,44
37,67967,6037535,524,524,8,ELA,191,188,2585.7,18.62,42.55,61.17,26.06,12.77,188
37,76851,6037543,489,489,3,ELA,168,166,2440.3,29.52,23.49,53.01,27.11,19.88,166
37,67983,6037550,81,81,3,ELA,25,25,2338.6,4,8,12,12,76,25
37,67991,6037568,251,251,3,ELA,82,76,2375.9,10.53,14.47,25,28.95,46.05,76
37,67991,6037576,136,136,3,ELA,73,71,2432.7,35.21,14.08,49.3,19.72,30.99,71
37,67991,6037584,843,843,8,ELA,320,295,2522.5,5.76,25.42,31.19,30.17,38.64,295
37,67991,6037592,330,330,3,ELA,106,100,2370,8,20,28,20,52,100
37,67991,6037600,66,66,3,ELA,19,19,2376.1,5.26,15.79,21.05,21.05,57.89,19
37,67991,6037626,508,508,8,ELA,195,163,2522.8,4.91,33.13,38.04,26.38,35.58,163
37,67991,6037634,317,315,3,ELA,100,93,2414.6,25.81,17.2,43.01,29.03,27.96,93
37,67991,6037642,317,317,3,ELA,101,98,2435.8,25.51,26.53,52.04,30.61,17.35,98
37,67991,6037659,713,713,8,ELA,237,224,2545.5,8.04,39.29,47.32,25.45,27.23,224
37,67991,6037675,303,303,3,ELA,107,94,2346.9,4.26,4.26,8.51,23.4,68.09,94
37,67991,6037683,370,370,3,ELA,133,112,2363,9.82,9.82,19.64,23.21,57.14,112
37,67991,6037691,325,325,3,ELA,100,97,2399.8,12.37,18.56,30.93,31.96,37.11,97
37,67991,6037709,231,231,3,ELA,77,68,2344.4,2.94,13.24,16.18,14.71,69.12,68
37,67991,6037717,317,317,3,ELA,105,98,2375,12.24,11.22,23.47,24.49,52.04,98
37,67991,6037725,391,391,3,ELA,136,111,2360.7,8.11,11.71,19.82,20.72,59.46,111
37,67991,6037733,150,150,3,ELA,56,47,2386.8,21.28,19.15,40.43,8.51,51.06,47
37,67991,6037741,321,321,3,ELA,83,81,2357.5,6.17,8.64,14.81,28.4,56.79,81
37,68007,6037758,360,360,3,ELA,35,35,2463.3,42.86,31.43,74.29,14.29,11.43,35
37,68007,6037766,45,45,3,ELA,53,45,2461.6,40,28.89,68.89,20,11.11,45
37,73551,6037774,128,128,3,ELA,37,36,2457.9,27.78,38.89,66.67,22.22,11.11,36
37,73551,6037782,238,238,3,ELA,74,73,2439.3,31.51,26.03,57.53,19.18,23.29,73
37,73551,6037790,247,247,3,ELA,91,85,2478.3,44.71,25.88,70.59,21.18,8.24,85
37,73551,6037816,1003,1003,8,ELA,365,347,2597,25.65,37.75,63.4,22.77,13.83,347
37,68023,6037824,226,226,3,ELA,58,58,2394.6,17.24,24.14,41.38,20.69,37.93,58
37,68023,6037832,229,229,3,ELA,48,48,2447.7,35.42,27.08,62.5,16.67,20.83,48
37,68023,6037840,202,202,3,ELA,36,36,2410.1,19.44,22.22,41.67,22.22,36.11,36
37,68023,6037857,202,202,3,ELA,49,48,2427.1,29.17,12.5,41.67,35.42,22.92,48
37,68023,6037865,262,262,3,ELA,69,65,2425.3,26.15,27.69,53.85,15.38,30.77,65
37,68023,6037873,366,366,3,ELA,101,95,2401.4,14.74,24.21,38.95,24.21,36.84,95
37,68023,6037881,190,190,3,ELA,44,42,2420.6,26.19,19.05,45.24,21.43,33.33,42
37,68023,6037899,338,338,3,ELA,68,67,2469.2,43.28,25.37,68.66,16.42,14.93,67
37,68023,6037907,449,449,3,ELA,119,112,2423.8,26.79,18.75,45.54,28.57,25.89,112
37,68023,6037915,176,176,3,ELA,51,47,2442.9,42.55,17.02,59.57,14.89,25.53,47
37,68023,6037923,176,176,3,ELA,48,47,2400,12.77,25.53,38.3,21.28,40.43,47
37,68023,6037931,360,360,3,ELA,93,92,2422,22.83,33.7,56.52,16.3,27.17,92
37,68023,6037949,250,250,3,ELA,64,64,2424.8,26.56,20.31,46.88,32.81,20.31,64
37,68023,6037956,772,772,3,ELA,146,143,2422.7,23.78,23.08,46.85,31.47,21.68,143
37,68023,6037956,772,772,8,ELA,84,83,2614.1,30.12,43.37,73.49,19.28,7.23,83
37,68023,6037964,195,195,3,ELA,40,37,2463.4,37.84,18.92,56.76,35.14,8.11,37
37,68023,6037972,193,193,3,ELA,46,44,2429.8,20.45,38.64,59.09,20.45,20.45,44
37,68023,6037980,729,729,3,ELA,120,115,2440,32.17,20,52.17,25.22,22.61,115
37,68023,6037980,729,729,8,ELA,82,82,2625.8,30.49,42.68,73.17,24.39,2.44,82
37,68023,6037980,729,729,11,ELA,83,82,2636,30.49,47.56,78.05,14.63,7.32,82
37,68023,6037998,344,344,3,ELA,69,69,2410.3,20.29,28.99,49.28,18.84,31.88,69
37,68023,6038004,238,238,3,ELA,49,48,2451.5,37.5,20.83,58.33,22.92,18.75,48
37,68023,6038012,242,242,3,ELA,55,53,2469.6,43.4,22.64,66.04,16.98,16.98,53
37,68023,6038020,272,272,3,ELA,57,57,2456.4,38.6,29.82,68.42,7.02,24.56,57
37,68023,6038038,352,352,3,ELA,91,87,2396.6,14.94,21.84,36.78,27.59,35.63,87
37,68023,6038046,325,325,3,ELA,101,95,2400.4,23.16,15.79,38.95,20,41.05,95
37,68031,6038053,409,409,3,ELA,139,130,2474.6,48.46,23.85,72.31,13.85,13.85,130
37,68031,6038087,164,164,3,ELA,46,45,2474.4,51.11,22.22,73.33,15.56,11.11,45
37,68049,6038095,105,105,3,ELA,15,15,2397.4,20,20,40,13.33,46.67,15
37,68049,6038095,105,105,8,ELA,16,15,2519.5,6.67,13.33,20,53.33,26.67,15
37,68056,6038111,283,283,3,ELA,68,66,2528.7,75.76,16.67,92.42,4.55,3.03,66
37,68080,6038145,334,334,3,ELA,86,85,2438.1,34.12,22.35,56.47,15.29,28.24,85
37,68080,6038152,313,313,3,ELA,95,93,2469.7,44.09,26.88,70.97,16.13,12.9,93
37,68098,6038178,303,303,3,ELA,95,92,2360.6,4.35,16.3,20.65,19.57,59.78,92
37,68098,6038186,286,286,3,ELA,90,89,2384.4,7.87,23.6,31.46,23.6,44.94,89
37,68098,6038194,798,798,8,ELA,291,288,2524.7,7.99,27.43,35.42,27.43,37.15,288
37,68098,6038202,304,304,3,ELA,108,106,2374.5,6.6,15.09,21.7,32.08,46.23,106
37,68098,6038210,923,923,8,ELA,288,280,2538.1,6.43,28.93,35.36,39.64,25,280
37,68098,6038228,306,306,3,ELA,93,90,2397.3,14.44,21.11,35.56,25.56,38.89,90
37,68098,6038236,282,281,3,ELA,100,93,2393.2,6.45,30.11,36.56,32.26,31.18,93
37,68098,6038244,387,387,3,ELA,130,125,2379.3,9.6,18.4,28,24,48,125
37,68098,6038251,247,247,3,ELA,73,73,2432.8,24.66,27.4,52.05,24.66,23.29,73
37,68114,6038269,278,277,3,ELA,72,68,2423.7,20.9,28.36,49.25,23.88,26.87,67
37,68114,6038277,813,813,8,ELA,417,405,2547.7,11.11,35.56,46.67,22.47,30.86,405
37,68114,6038285,271,271,3,ELA,61,60,2411.2,23.33,16.67,40,30,30,60
37,68114,6038301,322,322,3,ELA,87,85,2512.8,67.06,18.82,85.88,9.41,4.71,85
37,68114,6038301,322,322,8,ELA,20,19,2617.8,15.79,63.16,78.95,21.05,0,19
37,68155,6038319,52,52,3,ELA,53,52,2387.5,11.54,19.23,30.77,28.85,40.38,52
37,68163,6038327,102,102,3,ELA,33,31,2343.3,6.45,6.45,12.9,19.35,67.74,31
37,68189,6038343,320,320,3,ELA,121,118,2426.1,22.88,22.03,44.92,32.2,22.88,118
37,68189,6038350,768,768,8,ELA,215,207,2585.2,19.32,43.48,62.8,23.19,14.01,207
37,68189,6038368,330,330,3,ELA,115,112,2449.5,30.36,27.68,58.04,27.68,14.29,112
37,68189,6038376,257,257,3,ELA,85,83,2419.8,21.69,26.51,48.19,20.48,31.33,83
37,68189,6038384,444,444,3,ELA,150,147,2454.8,36.05,28.57,64.63,19.73,15.65,147
37,68197,6038400,227,227,3,ELA,62,62,2399.8,12.9,19.35,32.26,37.1,30.65,62
37,68197,6038418,319,319,3,ELA,100,99,2357.9,5.05,12.12,17.17,22.22,60.61,99
37,68197,6038434,159,159,3,ELA,44,44,2411.4,22.73,18.18,40.91,27.27,31.82,44
37,68197,6038442,368,368,3,ELA,100,100,2487.4,50,27,77,14,9,100
37,68197,6038459,240,240,3,ELA,79,77,2371.5,14.29,14.29,28.57,14.29,57.14,77
37,68197,6038467,81,81,3,ELA,84,81,2390.3,11.11,18.52,29.63,34.57,35.8,81
37,68197,6038475,217,217,3,ELA,61,57,2420.8,19.3,19.3,38.6,40.35,21.05,57
37,68197,6038509,236,236,3,ELA,77,74,2424,28.38,18.92,47.3,27.03,25.68,74
37,68197,6038517,316,316,3,ELA,107,103,2454.8,34.95,28.16,63.11,21.36,15.53,103
37,68197,6038525,174,174,3,ELA,51,51,2420.1,21.57,29.41,50.98,21.57,27.45,51
37,68197,6038533,409,409,3,ELA,121,116,2431.5,27.59,28.45,56.03,19.83,24.14,116
37,68197,6038541,253,253,3,ELA,69,68,2424.5,22.06,30.88,52.94,22.06,25,68
37,68197,6038558,775,774,8,ELA,370,358,2590.7,17.04,47.77,64.8,22.35,12.85,358
37,68197,6038566,190,190,3,ELA,49,48,2412.7,25,18.75,43.75,18.75,37.5,48
37,68197,6038574,285,285,3,ELA,85,84,2395.1,17.86,19.05,36.9,19.05,44.05,84
37,68205,6038608,910,909,3,ELA,65,64,2387.5,10.94,18.75,29.69,26.56,43.75,64
37,68205,6038608,910,909,8,ELA,298,296,2552.3,9.46,35.14,44.59,30.74,24.66,296
37,68205,6038624,249,249,3,ELA,59,59,2409,15.25,25.42,40.68,28.81,30.51,59
37,68205,6038632,356,356,3,ELA,54,53,2399.8,7.55,24.53,32.08,41.51,26.42,53
37,68205,6038632,356,356,8,ELA,49,48,2563.9,4.17,47.92,52.08,29.17,18.75,48
37,68205,6038657,198,198,3,ELA,55,52,2396.2,19.23,19.23,38.46,19.23,42.31,52
37,68205,6038665,298,297,3,ELA,74,73,2395.8,19.18,19.18,38.36,21.92,39.73,73
37,68205,6038673,359,358,3,ELA,54,52,2414.2,19.61,23.53,43.14,29.41,27.45,51
37,68205,6038673,359,358,8,ELA,55,52,2522.9,3.85,28.85,32.69,32.69,34.62,52
37,68213,6038681,284,284,3,ELA,55,54,2353.3,3.7,14.81,18.52,18.52,62.96,54
37,68213,6038681,284,284,8,ELA,47,46,2544.2,4.35,32.61,36.96,36.96,26.09,46
37,68213,6038699,74,74,3,ELA,26,26,2426.6,19.23,34.62,53.85,19.23,26.92,26
37,68221,6038731,343,343,3,ELA,87,82,2384,10.98,20.73,31.71,25.61,42.68,82
37,68221,6038749,282,282,3,ELA,66,66,2395.9,18.18,22.73,40.91,19.7,39.39,66
37,68221,6038756,255,255,3,ELA,69,65,2390,7.69,26.15,33.85,24.62,41.54,65
37,68221,6038764,335,335,3,ELA,71,71,2410.6,15.49,25.35,40.85,23.94,35.21,71
37,68221,6038772,197,197,3,ELA,47,47,2394.9,4.26,25.53,29.79,36.17,34.04,47
37,68221,6038780,365,365,3,ELA,86,78,2385.4,11.54,17.95,29.49,20.51,50,78
37,68221,6038798,320,320,3,ELA,76,75,2380.1,14.67,16,30.67,29.33,40,75
37,68221,6038806,338,338,3,ELA,72,72,2409.3,22.22,22.22,44.44,20.83,34.72,72
37,68221,6038814,318,317,3,ELA,71,71,2428.6,21.13,26.76,47.89,28.17,23.94,71
37,73569,6038830,604,603,8,ELA,204,196,2529.9,4.59,26.02,30.61,42.86,26.53,196
37,73569,6038848,214,213,3,ELA,74,73,2360.9,5.56,13.89,19.44,27.78,52.78,72
37,73569,6038855,274,274,3,ELA,93,91,2372.8,8.79,18.68,27.47,24.18,48.35,91
37,73569,6038863,816,815,8,ELA,277,265,2549.9,11.74,32.58,44.32,31.06,24.62,264
37,73569,6038871,274,274,3,ELA,94,93,2374.4,10.75,16.13,26.88,23.66,49.46,93
37,73569,6038889,396,396,3,ELA,85,74,2430,16.22,35.14,51.35,33.78,14.86,74
37,73569,6038889,396,396,8,ELA,48,48,2596.9,6.25,70.83,77.08,18.75,4.17,48
37,73569,6038897,315,314,3,ELA,103,103,2433.8,23.53,27.45,50.98,29.41,19.61,102
37,73569,6038905,166,166,3,ELA,54,54,2355.4,3.7,16.67,20.37,25.93,53.7,54
37,73569,6038913,342,341,3,ELA,82,75,2433.9,24,32,56,21.33,22.67,75
37,73569,6038913,342,341,8,ELA,45,42,2592.9,12.2,46.34,58.54,36.59,4.88,41
37,73569,6038921,359,359,3,ELA,113,110,2407.3,19.09,23.64,42.73,17.27,40,110
37,68098,6038939,298,298,3,ELA,110,109,2394.4,11.93,22.94,34.86,24.77,40.37,109
37,68098,6038947,332,332,3,ELA,113,112,2420.6,22.32,25,47.32,22.32,30.36,112
37,75614,6038962,123,122,3,ELA,34,33,2364.4,3.03,15.15,18.18,27.27,54.55,33
37,75614,6038962,123,122,8,ELA,13,11,2526.8,0,36.36,36.36,36.36,27.27,11
37,68296,6038970,218,218,3,ELA,77,77,2478.1,49.35,28.57,77.92,12.99,9.09,77
37,68296,6038988,1337,1337,8,ELA,443,438,2614.8,35.39,34.7,70.09,18.49,11.42,438
37,68296,6038996,308,307,3,ELA,100,98,2474.1,38.78,35.71,74.49,20.41,5.1,98
37,68296,6039002,191,191,3,ELA,60,59,2430.1,30.51,16.95,47.46,27.12,25.42,59
37,68296,6039010,343,343,3,ELA,115,115,2414.3,20.87,16.52,37.39,30.43,32.17,115
37,68304,6039028,328,328,3,ELA,87,87,2414.8,16.09,28.74,44.83,26.44,28.74,87
37,68304,6039036,270,270,3,ELA,60,59,2418.9,25.42,16.95,42.37,27.12,30.51,59
37,68312,6039051,224,224,3,ELA,70,70,2513.9,68.57,20,88.57,8.57,2.86,70
37,73791,6039069,425,425,3,ELA,110,106,2401.8,16.98,24.53,41.51,19.81,38.68,106
37,73791,6039077,404,404,3,ELA,124,122,2474.7,40.98,28.69,69.67,22.95,7.38,122
37,73791,6039085,455,455,3,ELA,144,140,2374.4,9.29,12.14,21.43,28.57,50,140
37,73791,6039093,1209,1206,8,ELA,466,450,2570.2,14.03,41.87,55.9,26.5,17.59,449
37,68338,6039101,128,128,3,ELA,48,46,2398.5,10.87,28.26,39.13,30.43,30.43,46
37,68338,6039119,70,70,3,ELA,25,23,2399.8,13.04,34.78,47.83,17.39,34.78,23
37,68338,6039135,216,216,3,ELA,67,66,2436.7,30.3,24.24,54.55,15.15,30.3,66
37,68338,6039143,282,282,3,ELA,39,38,2368.7,10.53,13.16,23.68,26.32,50,38
37,68338,6039143,282,282,8,ELA,36,34,2540.4,5.88,32.35,38.24,35.29,26.47,34
37,68338,6039150,183,183,3,ELA,65,63,2392.4,11.11,22.22,33.33,22.22,44.44,63
37,68338,6039168,229,229,3,ELA,80,76,2375.5,13.16,9.21,22.37,23.68,53.95,76
37,68338,6039184,160,160,3,ELA,50,50,2477.4,48,16,64,26,10,50
37,68338,6039200,190,190,3,ELA,70,69,2480.3,49.28,26.09,75.36,18.84,5.8,69
37,68338,6039242,238,238,3,ELA,77,75,2484.1,42.67,36,78.67,16,5.33,75
37,68338,6039259,230,230,3,ELA,80,77,2469.1,50.65,18.18,68.83,14.29,16.88,77
37,68338,6039267,249,249,3,ELA,82,80,2381.2,11.25,18.75,30,21.25,48.75,80
37,68338,6039283,177,177,3,ELA,58,54,2342.6,5.56,11.11,16.67,14.81,68.52,54
37,68338,6039291,47,47,3,ELA,31,30,2426.2,20,36.67,56.67,20,23.33,30
37,68338,6039309,73,73,3,ELA,24,19,2466.8,36.84,42.11,78.95,15.79,5.26,19
37,68338,6039341,197,197,3,ELA,64,61,2413.2,27.87,16.39,44.26,18.03,37.7,61
37,68338,6039358,90,90,3,ELA,27,26,2386.1,15.38,15.38,30.77,23.08,46.15,26
37,68338,6039366,322,320,3,ELA,108,103,2361.5,6.8,20.39,27.18,17.48,55.34,103
37,68338,6039374,176,176,3,ELA,64,58,2457.6,31.03,37.93,68.97,20.69,10.34,58
37,68338,6039382,312,312,3,ELA,101,101,2400.8,15.84,17.82,33.66,31.68,34.65,101
37,68338,6039390,138,138,3,ELA,42,41,2426.7,24.39,24.39,48.78,26.83,24.39,41
37,68338,6039424,177,177,3,ELA,69,67,2427,37.31,11.94,49.25,19.4,31.34,67
37,68338,6039432,87,87,3,ELA,38,37,2421.4,18.92,27.03,45.95,29.73,24.32,37
37,68338,6039440,294,294,3,ELA,103,99,2484.9,49.49,29.29,78.79,12.12,9.09,99
37,68338,6039457,419,419,3,ELA,73,72,2400.5,18.06,19.44,37.5,29.17,33.33,72
37,68338,6039457,419,419,8,ELA,53,53,2561.5,11.32,33.96,45.28,37.74,16.98,53
37,68338,6039481,97,97,3,ELA,51,50,2463,40,30,70,20,10,50
37,68338,6039499,256,256,3,ELA,72,71,2433.8,32.39,21.13,53.52,18.31,28.17,71
37,68338,6039507,286,286,3,ELA,78,74,2349.7,8.11,9.46,17.57,20.27,62.16,74
37,68338,6039515,220,220,3,ELA,77,73,2401.5,20.55,23.29,43.84,17.81,38.36,73
37,68338,6039523,243,243,3,ELA,72,71,2381.4,8.45,23.94,32.39,23.94,43.66,71
37,68338,6039556,117,117,3,ELA,42,42,2395.5,11.9,11.9,23.81,45.24,30.95,42
37,68338,6039564,94,94,3,ELA,31,31,2429.1,25.81,25.81,51.61,25.81,22.58,31
37,68338,6039572,98,98,3,ELA,35,33,2424.8,24.24,18.18,42.42,27.27,30.3,33
37,68338,6039598,168,167,3,ELA,55,53,2431.2,23.08,28.85,51.92,25,23.08,52
37,68338,6039606,124,124,3,ELA,39,37,2424.8,32.43,21.62,54.05,18.92,27.03,37
37,68338,6039614,157,157,3,ELA,54,53,2396.6,15.09,26.42,41.51,22.64,35.85,53
37,68338,6039630,228,228,3,ELA,39,38,2377.1,10.53,13.16,23.68,26.32,50,38
37,68338,6039630,228,228,8,ELA,27,26,2509.9,3.85,15.38,19.23,42.31,38.46,26
37,68338,6039648,193,193,3,ELA,75,72,2428.2,25,29.17,54.17,23.61,22.22,72
37,68338,6039655,138,138,3,ELA,35,35,2468,34.29,34.29,68.57,20,11.43,35
37,68338,6039671,500,499,3,ELA,60,59,2487.3,49.15,28.81,77.97,22.03,0,59
37,68338,6039671,500,499,8,ELA,71,70,2583.2,21.43,37.14,58.57,27.14,14.29,70
37,68338,6039697,206,206,3,ELA,72,71,2470,43.66,30.99,74.65,12.68,12.68,71
37,68338,6039705,237,237,3,ELA,71,67,2377.5,14.93,16.42,31.34,17.91,50.75,67
37,68338,6039713,187,187,3,ELA,61,58,2451.1,43.1,18.97,62.07,12.07,25.86,58
37,68338,6039721,109,109,3,ELA,32,32,2424.5,21.88,21.88,43.75,34.38,21.88,32
37,68338,6039739,244,244,3,ELA,70,70,2494.8,52.86,27.14,80,14.29,5.71,70
37,68338,6039747,265,265,3,ELA,96,93,2505.7,58.06,25.81,83.87,11.83,4.3,93
37,68338,6039754,222,222,3,ELA,75,64,2375.9,10.94,10.94,21.88,20.31,57.81,64
37,68338,6039762,318,318,3,ELA,119,110,2401.4,20,20,40,22.73,37.27,110
37,68338,6039770,131,131,3,ELA,48,44,2449.6,27.27,36.36,63.64,27.27,9.09,44
37,68338,6039788,180,180,3,ELA,64,62,2380.9,6.45,24.19,30.65,25.81,43.55,62
37,68338,6039796,124,124,3,ELA,48,45,2472.6,42.22,33.33,75.56,15.56,8.89,45
37,68338,6039804,89,89,3,ELA,38,35,2430.9,25.71,25.71,51.43,25.71,22.86,35
37,68338,6039812,407,407,3,ELA,49,48,2356.1,8.33,14.58,22.92,20.83,56.25,48
37,68338,6039812,407,407,8,ELA,87,87,2539.9,3.45,36.78,40.23,35.63,24.14,87
37,68338,6039846,299,299,3,ELA,91,87,2555,85.06,12.64,97.7,2.3,0,87
37,68338,6039853,111,111,3,ELA,35,33,2395.4,12.12,24.24,36.36,21.21,42.42,33
37,68338,6039861,144,144,3,ELA,38,38,2409.6,26.32,15.79,42.11,18.42,39.47,38
37,68338,6039879,198,198,3,ELA,64,62,2378.3,9.68,12.9,22.58,29.03,48.39,62
37,68338,6039887,179,179,3,ELA,66,63,2438.5,34.92,17.46,52.38,15.87,31.75,63
37,68338,6039895,338,338,3,ELA,56,53,2378,7.55,18.87,26.42,20.75,52.83,53
37,68338,6039895,338,338,8,ELA,43,42,2497.3,2.38,19.05,21.43,28.57,50,42
37,68338,6039903,155,155,3,ELA,87,86,2449.7,39.53,20.93,60.47,18.6,20.93,86
37,68338,6039911,475,475,3,ELA,127,121,2446,37.19,23.97,61.16,20.66,18.18,121
37,68338,6039911,475,475,8,ELA,47,47,2587.1,17.02,44.68,61.7,29.79,8.51,47
37,68338,6039929,266,263,3,ELA,53,48,2333,4.26,4.26,8.51,21.28,70.21,47
37,68338,6039929,266,263,8,ELA,53,46,2476.8,0,13.04,13.04,34.78,52.17,46
37,68338,6039952,225,225,3,ELA,85,75,2402.8,10.67,25.33,36,30.67,33.33,75
37,68338,6039960,183,183,3,ELA,78,76,2506.9,68.42,11.84,80.26,14.47,5.26,76
37,68338,6039978,282,282,3,ELA,107,105,2461.1,41.9,22.86,64.76,17.14,18.1,105
37,68338,6040000,604,604,3,ELA,122,120,2416.5,22.5,23.33,45.83,25.83,28.33,120
37,68338,6040000,604,604,8,ELA,83,80,2603.7,28.75,40,68.75,20,11.25,80
37,68338,6040018,237,237,3,ELA,41,39,2400.7,15.38,12.82,28.21,38.46,33.33,39
37,68338,6040018,237,237,8,ELA,30,29,2516.5,13.79,13.79,27.59,20.69,51.72,29
37,68338,6040026,236,236,3,ELA,75,74,2429.7,27.03,22.97,50,24.32,25.68,74
37,68338,6040034,152,152,3,ELA,90,80,2454.7,28.75,33.75,62.5,27.5,10,80
37,68338,6040042,205,205,3,ELA,77,72,2453.5,41.67,23.61,65.28,18.06,16.67,72
37,68338,6040059,116,116,3,ELA,37,36,2416.7,25,19.44,44.44,22.22,33.33,36
37,68338,6040067,147,147,3,ELA,59,58,2431.7,27.59,27.59,55.17,20.69,24.14,58
37,68338,6040083,91,89,3,ELA,14,13,2287.9,0,0,0,15.38,84.62,13
37,68338,6040083,91,89,8,ELA,17,14,2427.1,0,0,0,21.43,78.57,14
37,68338,6040083,91,89,11,ELA,25,13,2548.5,15.38,23.08,38.46,15.38,46.15,13
37,68338,6040091,91,91,3,ELA,27,27,2457.5,33.33,37.04,70.37,25.93,3.7,27
37,68338,6040109,130,128,3,ELA,56,56,2414.6,23.21,16.07,39.29,28.57,32.14,56
37,68338,6040117,96,96,3,ELA,37,33,2399.9,18.18,18.18,36.36,18.18,45.45,33
37,68338,6040133,97,97,3,ELA,33,32,2407,25,9.38,34.38,28.13,37.5,32
37,68338,6040141,208,208,3,ELA,84,81,2485.1,51.85,25.93,77.78,13.58,8.64,81
37,68338,6040158,308,307,3,ELA,104,98,2415,21.43,19.39,40.82,32.65,26.53,98
37,68338,6040166,196,196,3,ELA,96,96,2476.3,43.75,32.29,76.04,12.5,11.46,96
37,68338,6040174,311,311,3,ELA,91,90,2407.1,21.11,25.56,46.67,18.89,34.44,90
37,68338,6040208,169,169,3,ELA,95,93,2476,49.46,25.81,75.27,17.2,7.53,93
37,68338,6040224,109,109,3,ELA,51,50,2444.9,24,28,52,30,18,50
37,68338,6040232,220,220,3,ELA,78,72,2525.5,76.39,13.89,90.28,5.56,4.17,72
37,68338,6040257,220,220,3,ELA,83,81,2376.3,11.11,14.81,25.93,23.46,50.62,81
37,68338,6040265,103,103,3,ELA,47,37,2403.1,13.51,18.92,32.43,32.43,35.14,37
37,68338,6040273,174,174,3,ELA,51,48,2339.2,4.17,8.33,12.5,18.75,68.75,48
37,68338,6040281,91,91,3,ELA,40,40,2393.2,17.5,17.5,35,17.5,47.5,40
37,68338,6040299,286,286,3,ELA,106,102,2488.9,56.86,20.59,77.45,14.71,7.84,102
37,68338,6040307,102,102,3,ELA,34,34,2396.1,11.76,17.65,29.41,29.41,41.18,34
37,68353,6040331,372,372,3,ELA,57,56,2452.5,26.79,30.36,57.14,39.29,3.57,56
37,68353,6040331,372,372,8,ELA,61,61,2596.6,26.23,40.98,67.21,18.03,14.75,61
37,68361,6040349,677,677,3,ELA,108,108,2464.2,42.59,25,67.59,19.44,12.96,108
37,68361,6040349,677,677,8,ELA,101,99,2551.5,13.13,24.24,37.37,37.37,25.25,99
37,68361,6040356,309,309,3,ELA,59,58,2435.9,24.14,25.86,50,27.59,22.41,58
37,68361,6040356,309,309,8,ELA,54,53,2582.5,13.21,47.17,60.38,30.19,9.43,53
37,68361,6040364,360,360,3,ELA,74,73,2424.1,21.92,30.14,52.05,19.18,28.77,73
37,68361,6040364,360,360,8,ELA,64,62,2570.7,16.13,37.1,53.23,27.42,19.35,62
37,68361,6040372,637,636,3,ELA,142,137,2430.1,24.82,27.01,51.82,25.55,22.63,137
37,68361,6040372,637,636,8,ELA,74,74,2569.6,15.07,39.73,54.79,28.77,16.44,73
37,68361,6040380,337,337,3,ELA,60,60,2415.8,16.67,30,46.67,23.33,30,60
37,68361,6040380,337,337,8,ELA,43,42,2602.5,19.05,52.38,71.43,21.43,7.14,42
37,68361,6040406,182,182,3,ELA,48,47,2479.3,42.55,25.53,68.09,21.28,10.64,47
37,68387,6040455,426,426,3,ELA,26,26,2474.2,46.15,34.62,80.77,7.69,11.54,26
37,68395,6040463,269,269,3,ELA,66,60,2356.2,5,10,15,26.67,58.33,60
37,68395,6040471,297,297,3,ELA,72,65,2362,9.23,9.23,18.46,27.69,53.85,65
37,68395,6040489,346,345,3,ELA,72,71,2416.2,19.72,25.35,45.07,23.94,30.99,71
37,68395,6040505,552,552,3,ELA,88,88,2439.7,29.55,26.14,55.68,29.55,14.77,88
37,68395,6040505,552,552,8,ELA,57,57,2613.8,31.58,36.84,68.42,29.82,1.75,57
37,68395,6040513,600,600,3,ELA,120,119,2401.2,13.45,26.05,39.5,26.89,33.61,119
37,68395,6040513,600,600,8,ELA,62,60,2608.9,23.33,51.67,75,18.33,6.67,60
37,68395,6040521,277,277,3,ELA,64,60,2424.1,28.33,20,48.33,25,26.67,60
37,68395,6040539,310,310,3,ELA,79,72,2355.5,5.56,6.94,12.5,31.94,55.56,72
37,68403,6040554,12,12,3,ELA,*,*,*,*,*,*,*,*,*
37,68403,6040554,12,12,8,ELA,*,*,*,*,*,*,*,*,*
37,68437,6040562,124,124,3,ELA,22,19,2467.4,42.11,26.32,68.42,21.05,10.53,19
37,68437,6040562,124,124,8,ELA,18,16,2633.9,31.25,56.25,87.5,12.5,0,16
37,68452,6040588,250,250,3,ELA,91,90,2382.4,11.11,18.89,30,28.89,41.11,90
37,68452,6040596,324,324,3,ELA,90,90,2401.9,16.67,21.11,37.78,26.67,35.56,90
37,68452,6040620,306,306,3,ELA,117,114,2409.2,16.67,24.56,41.23,23.68,35.09,114
37,68452,6040638,244,244,3,ELA,77,77,2424.2,23.38,19.48,42.86,38.96,18.18,77
37,68452,6040646,177,177,3,ELA,52,50,2374.4,4,20,24,26,50,50
37,68452,6040653,302,302,3,ELA,97,97,2396.3,11.34,17.53,28.87,34.02,37.11,97
37,75416,6040661,38,38,3,ELA,11,11,2329.6,0,9.09,9.09,27.27,63.64,11
37,68031,6059570,676,676,8,ELA,235,230,2648.5,43.48,42.61,86.09,9.57,4.35,230
37,68338,6059588,736,736,8,ELA,297,283,2505.7,4.95,26.15,31.1,26.15,42.76,283
37,68338,6059596,738,737,8,ELA,394,387,2592.8,22.54,43.78,66.32,19.17,14.51,386
37,68338,6059638,1101,1101,8,ELA,380,359,2581.7,21.73,39.28,61,20.06,18.94,359
37,68338,6059646,653,653,8,ELA,254,226,2528.2,11.06,23.45,34.51,27.43,38.05,226
37,68338,6059653,668,668,8,ELA,250,242,2562.1,20.25,28.93,49.17,23.14,27.69,242
37,68338,6059679,427,427,8,ELA,143,138,2508.9,6.52,24.64,31.16,26.81,42.03,138
37,68338,6059687,1025,1025,8,ELA,362,359,2619.3,33.15,39.55,72.7,18.38,8.91,359
37,68338,6059695,721,721,8,ELA,229,223,2575.1,22.87,32.29,55.16,19.28,25.56,223
37,68338,6059703,929,929,8,ELA,318,303,2575.8,22.44,31.35,53.8,23.76,22.44,303
37,68338,6059711,449,449,8,ELA,175,156,2552.3,13.46,28.85,42.31,30.77,26.92,156
37,68346,6059737,678,677,8,ELA,366,356,2625.3,31.55,42.54,74.08,20.28,5.63,355
37,68411,6059745,1057,1054,8,ELA,555,537,2588.9,20.19,42.62,62.8,22.8,14.39,535
37,68411,6059752,816,814,8,ELA,455,435,2527,7.13,30.57,37.7,27.13,35.17,435
37,68411,6059760,771,766,8,ELA,383,368,2535.9,7.65,33.61,41.26,27.05,31.69,366
37,68411,6059778,644,640,8,ELA,316,309,2550.2,8.74,35.6,44.34,33.98,21.68,309
37,68411,6059786,816,814,8,ELA,438,424,2521.3,4.49,29.55,34.04,30.02,35.93,423
37,68411,6059794,777,777,8,ELA,413,393,2553,7.38,40.46,47.84,29.77,22.39,393
37,68452,6059802,757,755,8,ELA,251,245,2480.7,2.04,14.29,16.33,28.57,55.1,245
37,68452,6059810,718,718,8,ELA,230,226,2521.5,7.08,21.24,28.32,38.5,33.19,226
37,68338,6061964,1064,1064,3,ELA,52,51,2466,41.18,23.53,64.71,19.61,15.69,51
37,68338,6061964,1064,1064,8,ELA,265,261,2558.1,13.41,34.48,47.89,27.97,24.14,261
37,68338,6061964,1064,1064,11,ELA,116,116,2653.4,43.1,34.48,77.59,18.1,4.31,116
37,68338,6061972,664,664,8,ELA,227,222,2597.7,21.62,46.85,68.47,20.27,11.26,222
37,68338,6061980,633,633,8,ELA,228,212,2512.8,5.19,25.94,31.13,26.42,42.45,212
37,68346,6061998,529,529,8,ELA,266,259,2623.1,36.29,37.84,74.13,16.99,8.88,259
37,68411,6062004,910,909,8,ELA,453,435,2542.8,10.8,33.1,43.91,24.83,31.26,435
37,68411,6062012,597,597,8,ELA,319,306,2490.3,5.56,15.03,20.59,27.12,52.29,306
37,68023,6066971,194,194,3,ELA,44,43,2492.7,55.81,30.23,86.05,6.98,6.98,43
37,68080,6066989,384,384,3,ELA,91,90,2462.1,34.44,30,64.44,14.44,21.11,90
37,68098,6066997,203,203,3,ELA,64,64,2436.3,29.69,26.56,56.25,17.19,26.56,64
37,68395,6067029,288,288,3,ELA,81,75,2358.3,4,10.67,14.67,28,57.33,75
37,68361,6068159,559,559,3,ELA,69,67,2403.7,13.43,19.4,32.84,31.34,35.82,67
37,68361,6068159,559,559,8,ELA,127,123,2584.3,14.63,44.72,59.35,27.64,13.01,123
37,67991,6069082,288,288,3,ELA,78,77,2379.1,9.09,19.48,28.57,23.38,48.05,77
37,68023,6069090,323,323,3,ELA,75,74,2388.6,10.81,17.57,28.38,28.38,43.24,74
37,73569,6069108,193,193,3,ELA,69,69,2392.8,15.94,17.39,33.33,26.09,40.58,69
37,68338,6069116,375,375,3,ELA,135,129,2476.2,44.19,27.13,71.32,20.16,8.53,129
37,68452,6069124,291,291,3,ELA,93,90,2462.1,36.67,30,66.67,21.11,12.22,90
37,68023,6070825,171,171,3,ELA,39,37,2383.4,13.51,16.22,29.73,24.32,45.95,37
37,68197,6070833,378,378,3,ELA,104,102,2456.1,39.22,21.57,60.78,21.57,17.65,102
37,68296,6070841,283,283,3,ELA,87,86,2496.5,55.81,24.42,80.23,12.79,6.98,86
37,68296,6070858,363,363,3,ELA,121,117,2491.8,49.57,29.91,79.49,11.97,8.55,117
37,68296,6070866,1105,1105,8,ELA,393,373,2603.8,23.32,44.5,67.83,22.52,9.65,373
37,68387,6070882,109,109,3,ELA,110,109,2502.9,59.63,19.27,78.9,9.17,11.93,109
37,68411,6070890,792,792,8,ELA,417,405,2537.4,5.68,32.59,38.27,32.35,29.38,405
37,68312,6070908,213,213,8,ELA,71,59,2645,40.68,50.85,91.53,5.08,3.39,59
37,68338,6071914,276,275,3,ELA,100,96,2444.6,29.17,33.33,62.5,15.63,21.88,96
37,68338,6077317,179,179,3,ELA,55,50,2458.6,40,24,64,14,22,50
37,68189,6085047,639,639,8,ELA,237,231,2565.8,14.72,34.63,49.35,29.44,21.21,231
37,68213,6085054,54,54,3,ELA,17,17,2493.9,76.47,0,76.47,0,23.53,17
37,68296,6085088,348,348,3,ELA,105,103,2460,31.07,39.81,70.87,21.36,7.77,103
37,68379,6085146,135,135,3,ELA,143,135,2368.2,6.67,17.04,23.7,31.11,45.19,135
37,68361,6085153,675,675,3,ELA,116,115,2462.3,38.26,27.83,66.09,13.91,20,115
37,68361,6085153,675,675,8,ELA,102,101,2603.3,25.74,43.56,69.31,17.82,12.87,101
37,68361,6085161,462,461,3,ELA,88,87,2409.9,20.93,17.44,38.37,30.23,31.4,86
37,68361,6085161,462,461,8,ELA,92,90,2570.3,13.33,40,53.33,25.56,21.11,90
37,68056,6088983,180,180,3,ELA,48,47,2504.4,55.32,25.53,80.85,17.02,2.13,47
37,73569,6088991,213,213,3,ELA,62,61,2343.5,4.92,8.2,13.11,19.67,67.21,61
37,68338,6089015,296,296,3,ELA,89,89,2490,52.81,28.09,80.9,8.99,10.11,89
37,68338,6089023,191,191,3,ELA,76,73,2461.1,38.36,28.77,67.12,19.18,13.7,73
37,68338,6089049,323,323,3,ELA,87,87,2461.8,39.08,25.29,64.37,24.14,11.49,87
37,68338,6089056,215,215,3,ELA,89,85,2473.7,47.06,25.88,72.94,16.47,10.59,85
37,68338,6089064,222,222,3,ELA,73,68,2392.2,7.35,27.94,35.29,27.94,36.76,68
37,67991,6093207,803,803,8,ELA,272,260,2554.8,12.31,31.92,44.23,34.23,21.54,260
37,68098,6093215,983,983,8,ELA,365,355,2526.6,6.2,28.73,34.93,28.73,36.34,355
37,68296,6093223,1261,1261,8,ELA,420,410,2603.6,25.37,41.22,66.59,23.41,10,410
37,68296,6093231,258,258,3,ELA,81,78,2482.3,39.74,37.18,76.92,15.38,7.69,78
37,68338,6093256,273,273,3,ELA,99,96,2450.7,33.33,32.29,65.63,18.75,15.63,96
37,68379,6093264,486,486,3,ELA,123,112,2403,14.29,20.54,34.82,33.04,32.14,112
37,75614,6093272,838,838,8,ELA,281,259,2540.9,7.34,35.14,42.47,28.57,28.96,259
37,68395,6094973,394,394,3,ELA,98,94,2389.2,12.77,23.4,36.17,24.47,39.36,94
37,68023,6095020,293,293,3,ELA,72,71,2467.8,45.07,23.94,69.01,11.27,19.72,71
37,68023,6095038,316,315,3,ELA,82,79,2431.7,27.85,26.58,54.43,20.25,25.32,79
37,68080,6095046,276,259,3,ELA,63,63,2441.8,25.4,41.27,66.67,19.05,14.29,63
37,68296,6095053,225,225,3,ELA,84,78,2467.3,42.31,29.49,71.79,14.1,14.1,78
37,73791,6095061,1335,1335,8,ELA,465,459,2591.7,25.71,36.6,62.31,21.79,15.9,459
37,68338,6096051,248,248,3,ELA,89,85,2444.9,27.06,30.59,57.65,24.71,17.65,85
37,68114,6096515,302,302,3,ELA,83,81,2494.9,51.85,34.57,86.42,11.11,2.47,81
37,68114,6096515,302,302,8,ELA,35,35,2632.7,28.57,54.29,82.86,11.43,5.71,35
37,68338,6096598,1029,1028,8,ELA,378,367,2594.8,25.34,39.24,64.58,19.89,15.53,367
37,68338,6096879,227,227,3,ELA,77,71,2460.9,29.58,36.62,66.2,21.13,12.68,71
37,68114,6096911,21,21,3,ELA,*,*,*,*,*,*,*,*,*
37,68155,6097182,221,221,8,ELA,70,70,2592.5,24.29,40,64.29,24.29,11.43,70
37,68213,6097190,210,210,3,ELA,48,46,2357.3,13.04,10.87,23.91,10.87,65.22,46
37,68213,6097190,210,210,8,ELA,28,27,2460.3,0,11.11,11.11,25.93,62.96,27
37,68296,6097208,205,205,3,ELA,76,76,2482.4,48.68,28.95,77.63,18.42,3.95,76
37,68296,6097216,381,381,3,ELA,127,125,2475.2,40.8,32,72.8,18.4,8.8,125
37,68338,6097844,860,860,8,ELA,275,266,2573,20.3,33.08,53.38,27.44,19.17,266
37,68197,6098446,219,219,3,ELA,53,52,2363.5,3.85,23.08,26.92,23.08,50,52
37,68379,6098453,493,493,8,ELA,288,266,2509.8,5.64,23.68,29.32,28.2,42.48,266
37,68395,6098487,450,450,3,ELA,97,95,2375.2,8.42,13.68,22.11,28.42,49.47,95
37,68338,6099055,274,274,3,ELA,103,85,2476.2,45.88,29.41,75.29,12.94,11.76,85
37,68338,6099063,368,368,8,ELA,117,112,2570.4,12.5,45.54,58.04,25.89,16.07,112
37,68338,6099071,299,299,3,ELA,106,105,2525.9,75.24,15.24,90.48,5.71,3.81,105
37,68338,6099089,181,181,3,ELA,69,65,2472.5,41.54,40,81.54,4.62,13.85,65
37,73551,6099352,190,190,3,ELA,64,61,2487.3,57.38,22.95,80.33,9.84,9.84,61
37,68080,6099402,262,262,3,ELA,64,62,2475.2,50,25.81,75.81,16.13,8.06,62
37,68296,6099444,252,252,3,ELA,88,84,2468.8,42.86,29.76,72.62,13.1,14.29,84
37,67991,6101794,316,316,3,ELA,107,102,2431.7,28.43,22.55,50.98,26.47,22.55,102
37,68098,6102750,326,326,3,ELA,111,110,2403.7,16.36,19.09,35.45,36.36,28.18,110
37,68346,6104749,976,976,8,ELA,523,510,2624.3,31.37,47.06,78.43,15.29,6.27,510
37,68304,6105555,292,292,3,ELA,72,72,2433.4,19.44,31.94,51.39,27.78,20.83,72
37,68304,6105563,764,762,8,ELA,388,383,2568.6,14.88,39.69,54.57,25.33,20.1,383
37,68163,6105845,100,100,8,ELA,30,30,2605.3,23.33,36.67,60,33.33,6.67,30
37,68098,6105944,1183,1183,8,ELA,414,403,2545.1,11.66,30.52,42.18,31.27,26.55,403
37,73791,6105993,451,451,3,ELA,148,143,2472.2,44.76,28.67,73.43,13.99,12.59,143
37,67991,6106025,316,316,3,ELA,94,91,2441.1,24.18,35.16,59.34,24.18,16.48,91
37,68080,6106132,390,390,3,ELA,92,91,2490.2,51.65,29.67,81.32,10.99,7.69,91
37,68387,6106140,72,72,3,ELA,76,72,2523.6,68.06,27.78,95.83,4.17,0,72
37,68338,6106173,428,428,3,ELA,52,52,2417.7,21.15,28.85,50,21.15,28.85,52
37,68338,6106173,428,428,8,ELA,89,89,2570.7,17.98,37.08,55.06,23.6,21.35,89
37,68338,6106181,882,882,8,ELA,291,283,2602,24.03,45.94,69.96,17.31,12.72,283
37,68338,6106199,542,542,3,ELA,204,198,2428.2,23.74,26.77,50.51,26.26,23.23,198
37,67967,6106256,161,161,3,ELA,66,63,2437.7,23.81,36.51,60.32,22.22,17.46,63
37,73551,6106512,310,310,3,ELA,90,90,2479.3,47.78,27.78,75.56,15.56,8.89,90
37,68296,6106520,246,246,3,ELA,78,78,2461,34.62,37.18,71.79,15.38,12.82,78
37,73569,6106546,282,282,3,ELA,106,106,2389.9,15.09,16.04,31.13,25.47,43.4,106
37,68452,6107031,305,305,3,ELA,81,80,2430.1,15,38.75,53.75,25,21.25,80
37,68338,6107056,932,932,8,ELA,306,303,2631,35.64,46.2,81.85,9.57,8.58,303
37,73791,6107148,385,385,3,ELA,112,110,2451.6,30,30,60,25.45,14.55,110
37,68296,6107460,1452,1451,8,ELA,485,474,2607.3,28.27,38.82,67.09,21.52,11.39,474
37,68452,6107577,1015,1008,8,ELA,343,328,2527.5,7.36,27.3,34.66,30.06,35.28,326
37,68452,6107585,420,420,3,ELA,140,140,2426.9,24.29,30,54.29,18.57,27.14,140
37,68023,6107775,310,310,3,ELA,73,73,2457.2,35.62,24.66,60.27,28.77,10.96,73
37,68098,6107882,333,333,3,ELA,113,111,2455.2,34.23,26.13,60.36,27.03,12.61,111
37,68098,6107882,333,333,8,ELA,*,*,*,*,*,*,*,*,*
37,68304,6107999,259,259,3,ELA,61,59,2406.9,18.64,23.73,42.37,23.73,33.9,59
37,73569,6108211,327,326,3,ELA,102,100,2436,30.3,24.24,54.55,27.27,18.18,99
37,68023,6108492,322,322,3,ELA,81,76,2458.5,35.53,32.89,68.42,11.84,19.74,76
37,68080,6108534,314,314,3,ELA,76,75,2479.8,52,25.33,77.33,9.33,13.33,75
37,68221,6108559,235,235,3,ELA,67,63,2425.1,25.4,26.98,52.38,20.63,26.98,63
37,76851,6108567,564,564,8,ELA,210,205,2606.1,24.88,42.44,67.32,21.95,10.73,205
37,68452,6108708,383,381,3,ELA,136,132,2467,40.15,28.79,68.94,21.21,9.85,132
37,73791,6108872,415,415,3,ELA,151,149,2454.5,38.26,22.15,60.4,22.82,16.78,149
37,67967,6109086,178,178,3,ELA,53,53,2426.5,26.42,18.87,45.28,33.96,20.75,53
37,73551,6109201,363,363,3,ELA,105,103,2490.8,58.25,19.42,77.67,12.62,9.71,103
37,68296,6109300,262,262,3,ELA,79,78,2524.9,69.23,23.08,92.31,5.13,2.56,78
37,68296,6109318,370,370,3,ELA,137,134,2476.3,47.01,23.13,70.15,18.66,11.19,134
37,68296,6109326,280,279,3,ELA,104,103,2448.5,34.95,28.16,63.11,17.48,19.42,103
37,68114,6109524,336,336,3,ELA,72,70,2418.7,25.71,17.14,42.86,25.71,31.43,70
37,68338,6109599,296,296,3,ELA,106,97,2440.4,32.99,20.62,53.61,28.87,17.53,97
37,68023,6109771,261,261,3,ELA,58,55,2475.6,43.64,30.91,74.55,16.36,9.09,55
37,67967,6109953,33,33,3,ELA,*,*,*,*,*,*,*,*,*
37,67967,6109953,33,33,8,ELA,*,*,*,*,*,*,*,*,*
37,73569,6109995,408,408,3,ELA,125,121,2440.6,25.62,32.23,57.85,23.97,18.18,121
37,68189,6110092,287,287,3,ELA,97,95,2389.7,12.63,21.05,33.68,22.11,44.21,95
37,68098,6110381,357,357,3,ELA,96,95,2384.1,11.58,15.79,27.37,29.47,43.16,95
37,68452,6110399,365,365,3,ELA,115,114,2446.6,36.84,21.05,57.89,23.68,18.42,114
37,68452,6110407,263,263,3,ELA,81,80,2403.3,20,20,40,22.5,37.5,80
37,68056,6110696,312,312,3,ELA,63,63,2530.5,76.19,12.7,88.89,9.52,1.59,63
37,68304,6110720,283,283,3,ELA,56,55,2439.1,29.09,29.09,58.18,20,21.82,55
37,67991,6110787,219,219,3,ELA,80,77,2425.1,28.57,23.38,51.95,20.78,27.27,77
37,68296,6110878,162,162,3,ELA,54,54,2494.8,53.7,22.22,75.93,22.22,1.85,54
37,68296,6110886,358,357,3,ELA,119,113,2458.9,35.4,30.97,66.37,19.47,14.16,113
37,68361,6111041,27,27,3,ELA,*,*,*,*,*,*,*,*,*
37,68361,6111041,27,27,8,ELA,*,*,*,*,*,*,*,*,*
37,68387,6111181,211,211,3,ELA,59,58,2508.9,60.34,18.97,79.31,15.52,5.17,58
37,68197,6111207,274,274,3,ELA,77,73,2453.9,38.36,24.66,63.01,19.18,17.81,73
37,68296,6111306,1229,1229,8,ELA,412,410,2638.3,42.68,36.59,79.27,13.66,7.07,410
37,68296,6111314,343,343,3,ELA,105,103,2511.9,68.93,23.3,92.23,4.85,2.91,103
37,68023,6111322,555,555,3,ELA,105,101,2460.8,39.6,27.72,67.33,15.84,16.83,101
37,68023,6111322,555,555,8,ELA,43,42,2624.2,33.33,45.24,78.57,14.29,7.14,42
37,68098,6111769,289,289,3,ELA,94,93,2386.7,13.98,15.05,29.03,23.66,47.31,93
37,73569,6111777,1415,1415,8,ELA,497,489,2587,17.38,43.35,60.74,27.61,11.66,489
37,67991,6112148,285,285,3,ELA,89,89,2452.4,32.58,30.34,62.92,15.73,21.35,89
37,68452,6112221,1090,1090,8,ELA,368,358,2569.1,12.85,41.34,54.19,26.82,18.99,358
37,68387,6112353,71,71,3,ELA,73,71,2508.5,63.38,21.13,84.51,8.45,7.04,71
37,68080,6112445,357,357,3,ELA,85,83,2482.9,43.37,39.76,83.13,12.05,4.82,83
37,68338,6112460,206,206,3,ELA,55,53,2478.6,52.83,22.64,75.47,16.98,7.55,53
37,68338,6112478,225,225,3,ELA,97,94,2471.3,39.36,29.79,69.15,23.4,7.45,94
37,75614,6112494,529,529,3,ELA,169,165,2379.7,8.48,21.21,29.7,21.82,48.48,165
37,68338,6112726,442,442,3,ELA,155,153,2503.8,64.71,18.95,83.66,9.8,6.54,153
37,67991,6112890,1451,1451,8,ELA,521,499,2603.6,29.06,36.47,65.53,22.65,11.82,499
37,68023,6113021,496,494,3,ELA,110,107,2433.3,28.97,27.1,56.07,19.63,24.3,107
37,68338,6113211,62,62,3,ELA,24,24,2380.5,4.17,20.83,25,25,50,24
37,76851,6113468,47,47,3,ELA,17,16,2399.3,18.75,12.5,31.25,37.5,31.25,16
37,68338,6114060,993,992,8,ELA,330,321,2511.8,7.17,23.68,30.84,25.23,43.93,321
37,73791,6114169,384,384,3,ELA,126,123,2450.8,39.02,21.14,60.16,25.2,14.63,123
37,68411,6114276,1729,1728,8,ELA,929,913,2597.6,24.53,40.42,64.95,20.59,14.46,913
37,68338,6114292,180,180,3,ELA,62,59,2398.4,13.56,20.34,33.9,30.51,35.59,59
37,68338,6114300,220,220,3,ELA,74,73,2346.4,5.48,8.22,13.7,30.14,56.16,73
37,68338,6114375,479,479,3,ELA,176,176,2374.5,8.52,15.91,24.43,28.98,46.59,176
37,68296,6114854,283,283,3,ELA,95,91,2455.9,36.26,28.57,64.84,23.08,12.09,91
37,73569,6115299,221,221,3,ELA,64,61,2396.3,13.11,21.31,34.43,26.23,39.34,61
37,73569,6115299,221,221,8,ELA,26,26,2581.6,19.23,42.31,61.54,19.23,19.23,26
37,67983,6115315,96,96,8,ELA,28,28,2531.9,7.14,21.43,28.57,35.71,35.71,28
37,68338,6115331,1589,1589,8,ELA,578,573,2636,41.19,37,78.18,16.06,5.76,573
37,73791,6115349,292,292,3,ELA,99,98,2420.2,21.43,27.55,48.98,24.49,26.53,98
37,68338,6115570,149,149,3,ELA,25,25,2461.6,40,24,64,24,12,25
37,68338,6115570,149,149,8,ELA,25,24,2632,29.17,54.17,83.33,16.67,0,24
37,68056,6115620,297,297,3,ELA,68,67,2475.3,46.27,28.36,74.63,14.93,10.45,67
37,68023,6115646,338,338,3,ELA,81,81,2435.5,30.86,18.52,49.38,28.4,22.22,81
37,68023,6115778,837,836,3,ELA,143,143,2430.4,28.17,17.61,45.77,32.39,21.83,142
37,68023,6115778,837,836,8,ELA,119,119,2615.3,23.53,55.46,78.99,15.97,5.04,119
37,68023,6115778,837,836,11,ELA,81,77,2650.1,41.56,42.86,84.42,7.79,7.79,77
37,68395,6116008,517,517,3,ELA,119,116,2365.1,6.9,12.07,18.97,32.76,48.28,116
37,73791,6116206,525,525,3,ELA,185,182,2485.2,52.75,22.53,75.27,15.93,8.79,182
37,68023,6116396,375,375,3,ELA,76,75,2470.6,49.33,24,73.33,13.33,13.33,75
37,68114,6116420,301,301,3,ELA,73,72,2440.6,23.61,43.06,66.67,16.67,16.67,72
37,73551,6116578,429,429,3,ELA,146,134,2540.5,79.85,16.42,96.27,3.73,0,134
37,68098,6116776,899,859,3,ELA,126,118,2413.3,21.19,21.19,42.37,26.27,31.36,118
37,68098,6116776,899,859,8,ELA,200,179,2600.4,25.6,41.67,67.26,21.43,11.31,168
37,68023,6116859,642,642,3,ELA,100,96,2471.8,52.08,16.67,68.75,14.58,16.67,96
37,68023,6116859,642,642,8,ELA,70,70,2659.2,48.57,38.57,87.14,10,2.86,70
37,68411,6117154,23,23,8,ELA,19,16,2476.2,0,6.25,6.25,43.75,50,16
37,68338,6117279,85,85,3,ELA,*,*,*,*,*,*,*,*,*
37,68338,6117279,85,85,8,ELA,19,17,2542.2,5.88,35.29,41.18,35.29,23.53,17
37,67991,6117295,17,17,8,ELA,*,*,*,*,*,*,*,*,*
37,68155,6117303,93,93,3,ELA,23,14,2441,42.86,14.29,57.14,14.29,28.57,14
37,68155,6117303,93,93,8,ELA,19,13,2593.6,15.38,46.15,61.54,30.77,7.69,13
37,68155,6117303,93,93,11,ELA,*,*,*,*,*,*,*,*,*
37,68346,6117352,1165,1165,8,ELA,614,603,2653.9,49.25,35.66,84.91,9.62,5.47,603
37,68296,6117469,259,259,3,ELA,84,82,2494.7,56.1,23.17,79.27,19.51,1.22,82
37,68338,6117683,189,189,3,ELA,72,72,2407,13.89,27.78,41.67,26.39,31.94,72
37,68080,6117709,352,352,3,ELA,82,81,2492.2,48.15,29.63,77.78,20.99,1.23,81
37,68056,6117923,445,445,3,ELA,110,103,2489.8,51.46,27.18,78.64,14.56,6.8,103
37,73551,6118137,1106,1106,8,ELA,392,387,2637.9,42.12,37.98,80.1,14.99,4.91,387
37,67991,6118319,29,29,3,ELA,*,*,*,*,*,*,*,*,*
37,67991,6118319,29,29,8,ELA,*,*,*,*,*,*,*,*,*
37,68023,6118970,520,520,3,ELA,145,144,2481.2,50,22.92,72.92,18.75,8.33,144
37,68023,6118988,462,462,3,ELA,104,104,2441.6,31.73,28.85,60.58,15.38,24.04,104
37,68338,6119135,361,361,3,ELA,137,133,2504.7,63.16,16.54,79.7,14.29,6.02,133
37,68338,6119168,292,292,3,ELA,50,48,2442.7,31.25,25,56.25,25,18.75,48
37,68338,6119168,292,292,8,ELA,46,46,2550.2,4.35,50,54.35,17.39,28.26,46
37,75416,6119275,32,32,8,ELA,*,*,*,*,*,*,*,*,*
37,75416,6119275,32,32,11,ELA,23,19,2533.1,0,21.05,21.05,57.89,21.05,19
37,68379,6119341,716,716,8,ELA,142,138,2611.7,32.61,40.58,73.19,13.77,13.04,138
37,68049,6119564,552,479,3,ELA,80,79,2376.8,16.42,11.94,28.36,20.9,50.75,67
37,68049,6119564,552,479,8,ELA,81,79,2557.6,15.94,31.88,47.83,23.19,28.99,69
37,68049,6119564,552,479,11,ELA,76,74,2589.1,18.03,36.07,54.1,31.15,14.75,61
37,68338,6119598,252,252,3,ELA,24,24,2325.2,0,4.17,4.17,20.83,75,24
37,68338,6119598,252,252,8,ELA,53,53,2534.6,1.89,30.19,32.08,41.51,26.42,53
37,73569,6119713,328,328,3,ELA,118,114,2415.3,17.54,24.56,42.11,31.58,26.32,114
37,68361,6120190,13,13,8,ELA,*,*,*,*,*,*,*,*,*
37,68056,6120596,371,371,3,ELA,105,99,2487.2,54.55,18.18,72.73,18.18,9.09,99
37,73551,6120711,244,244,3,ELA,81,79,2470,44.3,26.58,70.89,13.92,15.19,79
37,68403,6120893,1015,1014,3,ELA,106,97,2387.3,19.59,15.46,35.05,17.53,47.42,97
37,68403,6120893,1015,1014,8,ELA,230,204,2542.6,8.82,34.31,43.14,29.41,27.45,204
37,68403,6120893,1015,1014,11,ELA,235,206,2603.8,27.18,31.55,58.74,24.27,16.99,206
37,68189,6120901,63,63,3,ELA,14,14,2351.4,0,14.29,14.29,28.57,57.14,14
37,68189,6120901,63,63,8,ELA,*,*,*,*,*,*,*,*,*
37,68338,6120935,373,373,3,ELA,126,125,2409.8,19.2,20,39.2,28.8,32,125
37,68411,6120968,1577,1574,8,ELA,815,787,2618.1,31.38,42.98,74.36,17.73,7.91,784