County Code,District Code,School Code,Total Tested At Entity Level,Total Tested with Scores,Grade,Test Id,CAASPP Reported Enrollment,Students Tested,Mean Scale Score,Percentage Standard Exceeded,Percentage Standard Met,Percentage Standard Met and Above,Percentage Standard Nearly Met,Percentage Standard Not Met,Students with Scores
37,75614,100511,309,309,3,MATH,107,102,2381.1,4.9,21.57,26.47,29.41,44.12,102
37,68452,100925,313,313,3,MATH,111,111,2439.9,15.32,38.74,54.05,27.93,18.02,111
37,68452,100933,309,309,3,MATH,92,92,2410.5,13.04,22.83,35.87,25,39.13,92
37,73569,101071,1089,1071,3,MATH,172,152,2426.9,13.91,32.45,46.36,26.49,27.15,151
37,73569,101071,1089,1071,8,MATH,215,197,2567.7,22.05,20,42.05,33.33,24.62,195
37,68338,101204,304,304,8,MATH,102,101,2549.4,15.84,20.79,36.63,27.72,35.64,101
37,68338,101345,308,308,8,MATH,74,74,2518.2,9.46,14.86,24.32,36.49,39.19,74
37,68221,101360,212,212,3,MATH,41,41,2453.1,26.83,41.46,68.29,17.07,14.63,41
37,68221,101360,212,212,8,MATH,36,36,2569.9,16.67,38.89,55.56,22.22,22.22,36
37,68098,101535,502,502,3,MATH,98,95,2435.9,12.63,36.84,49.47,29.47,21.05,95
37,68098,101535,502,502,8,MATH,75,69,2581.2,21.74,33.33,55.07,24.64,20.29,69
37,68023,101592,629,629,3,MATH,152,151,2473.7,34.44,35.76,70.2,21.19,8.61,151
37,68304,102178,12,12,8,MATH,*,*,*,*,*,*,*,*,*
37,68304,102178,12,12,11,MATH,17,11,2484.3,0,0,0,27.27,72.73,11
37,68098,102590,1058,1058,8,MATH,360,360,2528.2,14.17,15.83,30,27.22,42.78,360
37,68098,102608,339,339,3,MATH,109,109,2386.7,6.42,22.02,28.44,25.69,45.87,109
37,68296,102822,488,488,3,MATH,134,133,2497.2,48.12,33.83,81.95,14.29,3.76,133
37,73791,105684,1915,1915,8,MATH,640,633,2595.5,30.65,23.22,53.87,28.12,18.01,633
37,73791,105726,604,604,11,MATH,611,604,2581.6,14.24,23.18,37.42,25.17,37.42,604
37,68452,105882,329,327,3,MATH,109,109,2400.1,7.34,23.85,31.19,30.28,38.53,109
37,68023,105957,432,432,3,MATH,97,95,2474.8,46.32,24.21,70.53,21.05,8.42,95
37,68023,105965,583,583,3,MATH,124,121,2466.1,31.4,36.36,67.77,19.01,13.22,121
37,68452,106120,112,112,11,MATH,164,112,2435.1,0,1.79,1.79,8.04,90.18,112
37,68346,106328,589,589,11,MATH,596,589,2704.7,49.75,25.98,75.72,16.3,7.98,589
37,68338,106732,99,99,11,MATH,101,99,2602.9,11.11,32.32,43.43,25.25,31.31,99
37,68338,106799,496,495,3,MATH,56,52,2383.4,5.77,13.46,19.23,30.77,50,52
37,68338,106799,496,495,8,MATH,89,84,2506.6,7.14,13.1,20.24,32.14,47.62,84
37,68338,106799,496,495,11,MATH,119,113,2531.1,3.54,15.93,19.47,19.47,61.06,113
37,68338,107029,184,184,11,MATH,202,184,2619.6,23.91,22.83,46.74,25.54,27.72,184
37,68338,107052,129,128,11,MATH,147,129,2493.8,0,10.16,10.16,16.41,73.44,128
37,68338,107078,83,83,11,MATH,85,83,2591.9,13.25,22.89,36.14,30.12,33.73,83
37,68338,107086,93,93,11,MATH,95,93,2602.3,9.68,25.81,35.48,40.86,23.66,93
37,68338,107094,82,82,11,MATH,87,82,2600.9,9.76,32.93,42.68,34.15,23.17,82
37,68338,107102,66,66,11,MATH,67,66,2610.9,12.12,27.27,39.39,37.88,22.73,66
37,68338,107177,238,237,11,MATH,262,238,2512.9,1.69,10.55,12.24,29.96,57.81,237
37,68338,107219,129,128,11,MATH,134,129,2539.8,7.81,10.16,17.97,30.47,51.56,128
37,68338,107482,22,22,11,MATH,26,22,2544,4.55,0,4.55,50,45.45,22
37,73551,107557,502,502,8,MATH,141,140,2579.9,30,22.86,52.86,20,27.14,140
37,68338,107573,301,301,8,MATH,102,101,2531.2,11.88,21.78,33.66,25.74,40.59,101
37,68098,107862,302,302,3,MATH,100,97,2434.4,16.49,39.18,55.67,27.84,16.49,97
37,68098,107870,258,258,3,MATH,68,67,2471.5,35.82,38.81,74.63,11.94,13.43,67
37,68338,108266,218,217,3,MATH,42,42,2431.9,14.29,38.1,52.38,23.81,23.81,42
37,68338,108266,218,217,8,MATH,39,39,2487.3,10.26,2.56,12.82,33.33,53.85,39
37,68338,108274,488,488,3,MATH,173,168,2387,5.95,21.43,27.38,26.19,46.43,168
37,68338,108282,182,182,3,MATH,68,64,2401.5,9.38,21.88,31.25,28.13,40.63,64
37,68338,108290,248,248,3,MATH,78,77,2430.3,14.29,35.06,49.35,22.08,28.57,77
37,68296,108332,1355,1355,8,MATH,444,436,2650.8,53.67,19.72,73.39,16.51,10.09,436
37,68338,108548,276,276,3,MATH,45,42,2392.1,14.29,14.29,28.57,23.81,47.62,42
37,68338,108548,276,276,8,MATH,41,41,2491.7,14.63,9.76,24.39,19.51,56.1,41
37,67991,108563,240,240,3,MATH,80,80,2430.3,11.25,36.25,47.5,28.75,23.75,80
37,68023,108662,493,492,3,MATH,111,111,2484,37.84,43.24,81.08,16.22,2.7,111
37,68338,108787,92,92,11,MATH,93,92,2594.8,13.04,28.26,41.3,21.74,36.96,92
37,68338,109033,183,183,3,MATH,63,62,2410.6,3.23,38.71,41.94,20.97,37.1,62
37,68338,109041,188,188,3,MATH,67,67,2403.5,4.48,26.87,31.34,35.82,32.84,67
37,68338,109157,412,412,8,MATH,146,142,2617.4,40.85,16.9,57.75,23.94,18.31,142
37,73791,109785,43,43,3,MATH,*,*,*,*,*,*,*,*,*
37,73791,109785,43,43,8,MATH,*,*,*,*,*,*,*,*,*
37,73791,109785,43,43,11,MATH,11,11,2560.6,0,18.18,18.18,36.36,45.45,11
37,68056,110114,348,348,3,MATH,79,79,2494.5,44.3,31.65,75.95,21.52,2.53,79
37,76851,110122,292,291,3,MATH,85,83,2448.6,25.61,34.15,59.76,18.29,21.95,82
37,67991,111005,592,592,8,MATH,213,200,2564.8,26,16.5,42.5,24,33.5,200
37,68296,111187,499,499,3,MATH,161,160,2508.5,54.38,28.13,82.5,9.38,8.13,160
37,68106,111195,277,272,11,MATH,295,277,2620.5,20.96,26.1,47.06,27.57,25.37,272
37,68452,111237,272,269,3,MATH,88,85,2391.5,8.33,16.67,25,27.38,47.62,84
37,73791,111468,563,563,3,MATH,181,178,2482.9,44.38,32.58,76.97,12.92,10.11,178
37,68411,111831,666,664,11,MATH,683,666,2605.4,14.91,29.37,44.28,27.86,27.86,664
37,68338,111864,141,141,3,MATH,60,59,2458.4,27.12,38.98,66.1,18.64,15.25,59
37,68338,111898,596,596,8,MATH,198,198,2589,30.3,20.2,50.51,29.29,20.2,198
37,68338,111906,348,348,8,MATH,119,119,2484.1,4.2,10.92,15.13,26.05,58.82,119
37,73551,113498,269,269,3,MATH,83,83,2470.3,36.14,37.35,73.49,12.05,14.46,83
37,73569,113514,334,334,3,MATH,104,104,2413.4,13.46,22.12,35.58,26.92,37.5,104
37,73569,113522,752,752,8,MATH,244,242,2536.4,11.98,19.01,30.99,34.3,34.71,242
37,68023,114009,503,503,3,MATH,122,122,2466.7,31.15,40.16,71.31,18.03,10.66,122
37,68338,114025,246,246,11,MATH,322,246,2485.4,1.63,9.35,10.98,17.07,71.95,246
37,68338,114033,249,249,3,MATH,97,89,2382.9,3.37,23.6,26.97,22.47,50.56,89
37,68338,114041,311,311,3,MATH,121,121,2411,12.4,25.62,38.02,28.1,33.88,121
37,68452,114264,43,43,11,MATH,43,43,2516.9,0,9.3,9.3,27.91,62.79,43
37,68338,114462,140,140,11,MATH,147,140,2542.8,7.14,15.71,22.86,24.29,52.86,140
37,68338,114520,20,20,11,MATH,22,20,2450.8,0,0,0,10,90,20
37,68452,114637,835,835,8,MATH,272,271,2609.6,38.75,25.09,63.84,20.66,15.5,271
37,76471,114678,161,161,11,MATH,161,161,2568.3,6.21,25.47,31.68,29.81,38.51,161
37,68056,114686,474,474,3,MATH,95,94,2524.7,68.09,23.4,91.49,7.45,1.06,94
37,76471,114694,113,113,11,MATH,116,113,2603.8,15.93,25.66,41.59,26.55,31.86,113
37,68452,115451,86,86,11,MATH,90,86,2422.3,0,0,0,1.16,98.84,86
37,68114,115519,*,*,8,MATH,*,*,*,*,*,*,*,*,*
37,68197,115543,19,19,8,MATH,14,12,2419.8,0,0,0,0,100,12
37,68411,115873,*,*,8,MATH,*,*,*,*,*,*,*,*,*
37,68411,115873,*,*,11,MATH,*,*,*,*,*,*,*,*,*
37,73791,116467,411,411,3,MATH,151,147,2436.8,19.73,27.89,47.62,33.33,19.05,147
37,68296,116475,358,358,3,MATH,134,131,2523.2,65.65,22.14,87.79,9.16,3.05,131
37,68296,116764,367,367,3,MATH,120,116,2489.9,44.83,33.62,78.45,11.21,10.34,116
37,68338,116939,507,506,8,MATH,143,134,2531.1,18.66,11.94,30.6,26.87,42.54,134
37,68338,117325,419,419,8,MATH,145,135,2446.4,6.67,5.93,12.59,11.85,75.56,135
37,68338,117333,348,348,8,MATH,133,130,2467.7,3.08,11.54,14.62,19.23,66.15,130
37,67983,117887,30,30,3,MATH,*,*,*,*,*,*,*,*,*
37,67983,117887,30,30,8,MATH,*,*,*,*,*,*,*,*,*
37,67983,117887,30,30,11,MATH,*,*,*,*,*,*,*,*,*
37,68338,118000,309,306,3,MATH,48,46,2462,23.91,43.48,67.39,28.26,4.35,46
37,68338,118000,309,306,8,MATH,52,50,2538.7,16.67,10.42,27.08,31.25,41.67,48
37,68338,118083,223,223,3,MATH,47,42,2398.2,11.9,11.9,23.81,28.57,47.62,42
37,68338,118083,223,223,8,MATH,43,41,2521.1,7.32,17.07,24.39,31.71,43.9,41
37,68338,118315,*,*,11,MATH,*,*,*,*,*,*,*,*,*
37,68189,118323,447,446,3,MATH,77,71,2404.7,12.68,19.72,32.39,29.58,38.03,71
37,68189,118323,447,446,8,MATH,44,40,2513.2,12.5,10,22.5,27.5,50,40
37,68189,118323,447,446,11,MATH,46,44,2503.8,4.55,2.27,6.82,22.73,70.45,44
37,68452,118430,426,426,11,MATH,430,426,2640.1,23,35.21,58.22,24.65,17.14,426
37,68338,118851,127,127,11,MATH,131,127,2467.7,1.57,3.94,5.51,21.26,73.23,127
37,68296,118935,481,481,11,MATH,488,481,2696,46.78,30.77,77.55,12.68,9.77,481
37,67991,119255,192,191,8,MATH,54,54,2615.6,35.19,33.33,68.52,22.22,9.26,54
37,76471,119271,318,318,8,MATH,107,103,2537.2,10.68,26.21,36.89,26.21,36.89,103
37,68213,119560,*,*,3,MATH,*,*,*,*,*,*,*,*,*
37,68213,119560,*,*,8,MATH,*,*,*,*,*,*,*,*,*
37,68213,119560,*,*,11,MATH,*,*,*,*,*,*,*,*,*
37,68023,119594,172,172,3,MATH,43,42,2427.1,11.9,33.33,45.24,30.95,23.81,42
37,68338,119610,758,758,8,MATH,199,197,2490.6,3.05,13.71,16.75,24.87,58.38,197
37,68338,119610,758,758,11,MATH,140,140,2521.3,0.71,7.86,8.57,35.71,55.71,140
37,68049,119990,393,393,11,MATH,436,393,2459.3,0.25,2.04,2.29,12.21,85.5,393
37,68338,120410,*,*,11,MATH,*,*,*,*,*,*,*,*,*
37,68338,121145,67,66,3,MATH,27,25,2369.6,4,24,28,12,60,25
37,68213,121582,230,230,8,MATH,56,55,2657.1,52.73,25.45,78.18,18.18,3.64,55
37,68338,121681,210,210,3,MATH,48,46,2414.4,10.87,23.91,34.78,41.3,23.91,46
37,68338,121681,210,210,8,MATH,30,28,2584.8,25,32.14,57.14,21.43,21.43,28
37,68338,122788,75,75,11,MATH,79,75,2564.5,9.33,22.67,32,24,44,75
37,75416,122796,13,13,3,MATH,*,*,*,*,*,*,*,*,*
37,68379,123000,710,710,3,MATH,108,106,2378.8,2.83,17.92,20.75,29.25,50,106
37,68379,123000,710,710,8,MATH,112,111,2503.5,7.21,15.32,22.52,29.73,47.75,111
37,76471,123042,297,297,8,MATH,103,99,2509.3,6.06,13.13,19.19,31.31,49.49,99
37,76471,123059,207,207,3,MATH,65,62,2435.7,22.58,22.58,45.16,29.03,25.81,62
37,68213,123224,127,127,8,MATH,43,24,2486.5,8.33,12.5,20.83,8.33,70.83,24
37,68213,123224,127,127,11,MATH,122,76,2513.7,5.26,6.58,11.84,26.32,61.84,76
37,68213,123240,50,50,3,MATH,*,*,*,*,*,*,*,*,*
37,68213,123240,50,50,8,MATH,*,*,*,*,*,*,*,*,*
37,68213,123240,50,50,11,MATH,*,*,*,*,*,*,*,*,*
37,68338,123778,167,167,3,MATH,29,29,2469.2,20.69,58.62,79.31,6.9,13.79,29
37,68338,123778,167,167,8,MATH,27,27,2623.4,48.15,14.81,62.96,25.93,11.11,27
37,68338,124115,582,582,8,MATH,197,194,2431.9,1.55,5.15,6.7,19.07,74.23,194
37,68338,124206,224,224,3,MATH,46,44,2401.2,6.82,20.45,27.27,36.36,36.36,44
37,68338,124206,224,224,8,MATH,23,21,2532.7,14.29,23.81,38.1,23.81,38.1,21
37,68163,124271,221,221,8,MATH,*,*,*,*,*,*,*,*,*
37,68163,124271,221,221,11,MATH,264,207,2439.2,0,0.97,0.97,8.7,90.34,207
37,68023,124321,153,153,3,MATH,28,28,2400.1,10.71,10.71,21.43,39.29,39.29,28
37,68023,124321,153,153,8,MATH,24,23,2518.2,17.39,8.7,26.09,21.74,52.17,23
37,68338,124347,138,138,8,MATH,47,45,2476,4.44,13.33,17.78,17.78,64.44,45
37,68452,124917,39,39,3,MATH,*,*,*,*,*,*,*,*,*
37,68452,124917,39,39,8,MATH,11,11,2484.4,0,9.09,9.09,36.36,54.55,11
37,68452,124917,39,39,11,MATH,17,16,2526.6,0,12.5,12.5,25,62.5,16
37,68403,125401,59,59,11,MATH,67,59,2459.3,0,1.69,1.69,8.47,89.83,59
37,68379,125518,147,147,3,MATH,149,147,2477.8,35.37,42.86,78.23,14.29,7.48,147
37,68411,126086,203,203,3,MATH,64,64,2458.9,26.56,34.38,60.94,29.69,9.38,64
37,68338,126151,164,164,3,MATH,39,37,2361.9,2.7,8.11,10.81,27.03,62.16,37
37,68338,126151,164,164,8,MATH,19,17,2394.2,0,0,0,11.76,88.24,17
37,68452,126300,32,32,8,MATH,14,11,2483,0,27.27,27.27,18.18,54.55,11
37,68452,126300,32,32,11,MATH,*,*,*,*,*,*,*,*,*
37,68338,126730,47,46,3,MATH,28,28,2459.2,28.57,39.29,67.86,10.71,21.43,28
37,68338,126938,*,*,3,MATH,*,*,*,*,*,*,*,*,*
37,68338,126938,*,*,8,MATH,*,*,*,*,*,*,*,*,*
37,68338,126938,*,*,11,MATH,*,*,*,*,*,*,*,*,*
37,68213,126995,58,58,8,MATH,20,20,2504.2,0,20,20,30,50,20
37,68213,127001,81,81,8,MATH,19,19,2559.6,21.05,21.05,42.11,26.32,31.58,19
37,68213,127084,144,144,3,MATH,27,15,2368.1,0,6.67,6.67,40,53.33,15
37,68213,127084,144,144,8,MATH,31,24,2498.8,12.5,4.17,16.67,25,58.33,24
37,68213,127084,144,144,11,MATH,29,20,2577.2,0,35,35,30,35,20
37,68049,127118,139,139,3,MATH,26,24,2438.9,16.67,33.33,50,41.67,8.33,24
37,68049,127118,139,139,8,MATH,27,26,2612.6,42.31,15.38,57.69,19.23,23.08,26
37,68049,127167,248,248,3,MATH,77,73,2426.4,15.07,31.51,46.58,30.14,23.29,73
37,68049,127167,248,248,8,MATH,25,25,2596.5,28,32,60,20,20,25
37,68106,127241,174,174,11,MATH,177,174,2622.1,16.67,31.61,48.28,29.31,22.41,174
37,73551,127423,297,297,11,MATH,317,297,2662.1,36.7,24.92,61.62,22.56,15.82,297
37,68023,127431,614,614,3,MATH,158,158,2478.6,35.44,37.97,73.42,18.35,8.23,158
37,76471,127605,176,176,3,MATH,64,63,2422.4,22.22,20.63,42.86,23.81,33.33,63
37,68338,127647,111,111,11,MATH,113,111,2577.9,9.01,20.72,29.73,33.33,36.94,111
37,68338,127654,81,81,3,MATH,35,29,2341.2,0,6.9,6.9,17.24,75.86,29
37,68338,128066,124,124,8,MATH,44,43,2488.7,4.65,9.3,13.95,27.91,58.14,43
37,68411,128082,148,148,3,MATH,72,72,2432.8,13.89,37.5,51.39,23.61,25,72
37,68452,128223,342,342,3,MATH,85,78,2427.5,16.67,30.77,47.44,25.64,26.92,78
37,68452,128223,342,342,8,MATH,41,39,2518.4,2.56,23.08,25.64,25.64,48.72,39
37,68163,128421,441,441,3,MATH,58,56,2384.4,7.14,17.86,25,25,50,56
37,68163,128421,441,441,8,MATH,81,76,2518.3,5.26,13.16,18.42,35.53,46.05,76
37,68163,128421,441,441,11,MATH,*,*,*,*,*,*,*,*,*
37,68437,128470,82,82,8,MATH,*,*,*,*,*,*,*,*,*
37,68437,128470,82,82,11,MATH,77,69,2503.4,0,2.9,2.9,26.09,71.01,69
37,68338,128744,44,44,8,MATH,*,*,*,*,*,*,*,*,*
37,68338,128744,44,44,11,MATH,23,22,2575.3,13.64,13.64,27.27,31.82,40.91,22
37,68098,128769,284,284,8,MATH,101,99,2580.9,31.31,17.17,48.48,24.24,27.27,99
37,68130,128793,*,*,8,MATH,*,*,*,*,*,*,*,*,*
37,68130,128793,*,*,11,MATH,*,*,*,*,*,*,*,*,*
37,68130,128819,*,*,11,MATH,*,*,*,*,*,*,*,*,*
37,68387,129049,323,323,3,MATH,80,80,2525.1,63.75,22.5,86.25,13.75,0,80
37,68296,129056,677,677,3,MATH,123,122,2479.5,40.16,30.33,70.49,18.03,11.48,122
37,68296,129056,677,677,8,MATH,111,105,2648.7,54.29,20.95,75.24,11.43,13.33,105
37,68049,129221,56,56,3,MATH,*,*,*,*,*,*,*,*,*
37,68049,129221,56,56,8,MATH,13,13,2493.5,15.38,0,15.38,30.77,53.85,13
37,68049,129221,56,56,11,MATH,*,*,*,*,*,*,*,*,*
37,76851,129320,50,50,11,MATH,57,50,2578.1,14,28,42,24,34,50
37,68338,129387,44,44,3,MATH,*,*,*,*,*,*,*,*,*
37,68338,129395,93,93,3,MATH,25,25,2540.1,72,24,96,0,4,25
37,68213,129668,*,*,8,MATH,*,*,*,*,*,*,*,*,*
37,68213,129668,*,*,11,MATH,*,*,*,*,*,*,*,*,*
37,67983,131144,66,66,11,MATH,85,66,2441.8,0,1.52,1.52,6.06,92.42,66
37,68049,131169,90,90,3,MATH,*,*,*,*,*,*,*,*,*
37,68049,131169,90,90,8,MATH,24,17,2395.2,0,0,0,5.88,94.12,17
37,68049,131169,90,90,11,MATH,32,19,2427.9,0,0,0,0,100,19
37,68304,131250,106,106,3,MATH,13,13,2475,23.08,46.15,69.23,23.08,7.69,13
37,68304,131250,106,106,8,MATH,25,20,2589.2,30,15,45,25,30,20
37,68304,131250,106,106,11,MATH,29,26,2652.9,23.08,42.31,65.38,19.23,15.38,26
37,68304,131268,140,140,3,MATH,33,33,2434.1,15.15,33.33,48.48,33.33,18.18,33
37,73791,131433,603,587,3,MATH,133,132,2470,38.1,33.33,71.43,15.08,13.49,126
37,68338,131565,209,209,3,MATH,61,61,2455.1,26.23,42.62,68.85,14.75,16.39,61
37,68346,131649,623,623,8,MATH,289,287,2681.6,63.41,16.72,80.14,12.54,7.32,287
37,68114,131920,331,331,3,MATH,82,82,2433.4,10.98,31.71,42.68,41.46,15.85,82
37,68338,131979,68,68,8,MATH,20,18,2441.6,5.56,5.56,11.11,16.67,72.22,18
37,68338,131979,68,68,11,MATH,41,35,2476.7,0,2.86,2.86,17.14,80,35
37,68197,132290,1020,1020,8,MATH,321,307,2568.2,19.54,25.41,44.95,31.6,23.45,307
37,68338,132316,234,234,3,MATH,87,85,2500.4,52.94,23.53,76.47,17.65,5.88,85
37,68197,132431,905,905,8,MATH,261,254,2586.2,33.46,20.47,53.94,22.05,24.02,254
37,75416,132472,673,673,3,MATH,125,98,2403.9,11.22,26.53,37.76,20.41,41.84,98
37,75416,132472,673,673,8,MATH,92,79,2540.7,12.66,13.92,26.58,40.51,32.91,79
37,75416,132472,673,673,11,MATH,79,63,2525.8,6.35,9.52,15.87,22.22,61.9,63
37,68049,132506,1339,1336,3,MATH,302,243,2385,7.02,19.01,26.03,25.62,48.35,242
37,68049,132506,1339,1336,8,MATH,222,189,2499.7,5.29,15.34,20.63,26.98,52.38,189
37,68049,132506,1339,1336,11,MATH,106,82,2482.1,1.23,3.7,4.94,20.99,74.07,81
37,68130,132548,52,52,11,MATH,53,52,2501.3,1.92,7.69,9.62,23.08,67.31,52
37,68221,132621,68,68,3,MATH,13,12,2394.9,0,16.67,16.67,58.33,25,12
37,68221,132621,68,68,8,MATH,*,*,*,*,*,*,*,*,*
37,76851,132886,201,201,3,MATH,36,36,2428.5,25,16.67,41.67,27.78,30.56,36
37,76851,132886,201,201,8,MATH,26,24,2546.3,29.17,12.5,41.67,16.67,41.67,24
37,76851,132886,201,201,11,MATH,47,42,2432.4,0,2.38,2.38,11.9,85.71,42
37,68197,132951,17,17,3,MATH,*,*,*,*,*,*,*,*,*
37,68197,132951,17,17,8,MATH,*,*,*,*,*,*,*,*,*
37,68098,133991,143,142,3,MATH,29,29,2416.8,13.79,20.69,34.48,37.93,27.59,29
37,68197,134155,736,736,8,MATH,241,236,2507.9,10.59,12.29,22.88,27.12,50,236
37,76901,134429,194,194,3,MATH,50,49,2403.8,12.24,20.41,32.65,26.53,40.82,49
37,76901,134429,194,194,8,MATH,25,22,2498.7,9.09,4.55,13.64,27.27,59.09,22
37,77032,134577,98,98,3,MATH,*,*,*,*,*,*,*,*,*
37,77032,134577,98,98,8,MATH,33,31,2493.4,6.45,9.68,16.13,22.58,61.29,31
37,77032,134577,98,98,11,MATH,52,51,2566.7,5.88,17.65,23.53,35.29,41.18,51
37,67983,134890,17,17,11,MATH,40,17,2407.6,0,0,0,5.88,94.12,17
37,73551,3730017,46,46,11,MATH,51,46,2507.5,0,6.52,6.52,21.74,71.74,46
37,68346,3730033,577,577,11,MATH,587,577,2648.3,31.2,25.48,56.67,24.09,19.24,577
37,68106,3730058,539,539,11,MATH,556,539,2570,13.91,18,31.91,26.53,41.56,539
37,68130,3730066,530,530,11,MATH,546,530,2609.1,16.98,31.13,48.11,24.34,27.55,530
37,68296,3730074,452,451,11,MATH,470,452,2636.4,27.72,29.05,56.76,20.62,22.62,451
37,68338,3730116,185,185,3,MATH,*,*,*,*,*,*,*,*,*
37,68338,3730116,185,185,8,MATH,32,31,2564.2,22.58,19.35,41.94,25.81,32.26,31
37,68338,3730116,185,185,11,MATH,*,*,*,*,*,*,*,*,*
37,68411,3730124,463,459,11,MATH,480,463,2514.7,1.74,14.38,16.12,23.75,60.13,459
37,68338,3730173,397,396,11,MATH,407,397,2597.1,18.69,21.21,39.9,24.75,35.35,396
37,68338,3730181,515,515,11,MATH,529,515,2641.5,28.74,25.44,54.17,25.44,20.39,515
37,73791,3730215,74,74,11,MATH,77,74,2450,0,1.35,1.35,10.81,87.84,74
37,68338,3730231,144,144,11,MATH,169,144,2444.6,0,3.47,3.47,6.25,90.28,144
37,68338,3730314,445,445,11,MATH,459,445,2650.3,33.71,25.17,58.88,22.02,19.1,445
37,68338,3730363,*,*,8,MATH,*,*,*,*,*,*,*,*,*
37,68338,3730363,*,*,11,MATH,*,*,*,*,*,*,*,*,*
37,68338,3730371,788,787,8,MATH,196,195,2527.1,14.36,14.87,29.23,25.13,45.64,195
37,68338,3730371,788,787,11,MATH,187,178,2606.6,13.56,30.51,44.07,29.94,25.99,177
37,68411,3730405,552,552,11,MATH,562,552,2604.6,13.77,29.53,43.3,30.43,26.27,552
37,67983,3730447,36,36,11,MATH,39,36,2538.2,5.56,13.89,19.44,27.78,52.78,36
37,73551,3730694,498,498,11,MATH,562,498,2604.5,14.66,29.92,44.58,27.51,27.91,498
37,68130,3730702,405,405,11,MATH,421,405,2613.7,19.75,28.4,48.15,23.95,27.9,405
37,68452,3730728,507,507,11,MATH,509,507,2598.1,16.17,23.47,39.64,27.02,33.33,507
37,68338,3730751,92,92,3,MATH,*,*,*,*,*,*,*,*,*
37,68338,3730751,92,92,8,MATH,36,19,2685.7,68.42,15.79,84.21,15.79,0,19
37,68338,3730751,92,92,11,MATH,34,16,2718.1,50,43.75,93.75,6.25,0,16
37,73791,3730793,19,19,11,MATH,30,19,2451.8,0,0,0,15.79,84.21,19
37,68411,3730801,321,321,11,MATH,335,321,2516.3,3.12,9.66,12.77,28.97,58.26,321
37,68296,3730819,532,532,11,MATH,545,532,2655.1,31.95,29.51,61.47,21.62,16.92,532
37,68411,3730843,810,810,11,MATH,825,810,2612.3,15.19,31.73,46.91,28.89,24.2,810
37,68338,3730884,512,511,11,MATH,518,512,2680.8,37.96,28.57,66.54,25.24,8.22,511
37,68213,3730934,*,*,11,MATH,*,*,*,*,*,*,*,*,*
37,68452,3730942,863,863,3,MATH,38,37,2410.7,10.81,24.32,35.14,40.54,24.32,37
37,68452,3730942,863,863,8,MATH,189,188,2541.2,11.17,20.74,31.91,34.57,33.51,188
37,68452,3730942,863,863,11,MATH,140,139,2658.1,28.78,33.81,62.59,27.34,10.07,139
37,68338,3730959,382,382,8,MATH,130,122,2478.5,2.46,7.38,9.84,23.77,66.39,122
37,68338,3730959,382,382,11,MATH,197,177,2549.2,3.95,12.43,16.38,35.59,48.02,177
37,68122,3730967,32,32,11,MATH,32,32,2551.2,9.38,9.38,18.75,34.38,46.88,32
37,75416,3730975,36,36,8,MATH,*,*,*,*,*,*,*,*,*
37,75416,3730975,36,36,11,MATH,13,11,2501.7,0,9.09,9.09,27.27,63.64,11
37,68213,3730991,*,*,8,MATH,*,*,*,*,*,*,*,*,*
37,68213,3730991,*,*,11,MATH,*,*,*,*,*,*,*,*,*
37,68346,3731007,405,405,11,MATH,423,405,2625.3,25.19,30.86,56.05,21.73,22.22,405
37,68106,3731023,172,172,11,MATH,185,172,2607.5,18.02,25,43.02,31.98,25,172
37,68338,3731056,*,*,11,MATH,*,*,*,*,*,*,*,*,*
37,68411,3731064,583,583,11,MATH,610,583,2531,2.57,14.07,16.64,29.5,53.86,583
37,68189,3731072,125,125,8,MATH,38,35,2613.4,31.43,31.43,62.86,25.71,11.43,35
37,68189,3731072,125,125,11,MATH,62,58,2664.6,29.31,41.38,70.69,22.41,6.9,58
37,68213,3731080,*,*,8,MATH,*,*,*,*,*,*,*,*,*
37,68213,3731080,*,*,11,MATH,*,*,*,*,*,*,*,*,*
37,75614,3731114,263,263,11,MATH,270,263,2576.5,8.37,25.1,33.46,30.8,35.74,263
37,68338,3731130,27,27,8,MATH,14,14,2407,0,0,0,14.29,85.71,14
37,68338,3731130,27,27,11,MATH,*,*,*,*,*,*,*,*,*
37,68411,3731155,67,67,8,MATH,14,13,2441.5,0,7.69,7.69,15.38,76.92,13
37,68411,3731155,67,67,11,MATH,41,38,2466.7,0,0,0,26.32,73.68,38
37,73551,3731163,16,16,11,MATH,19,16,2614.4,25,18.75,43.75,18.75,37.5,16
37,68338,3731189,464,464,8,MATH,122,122,2592.7,22.13,36.07,58.2,29.51,12.3,122
37,68338,3731189,464,464,11,MATH,100,98,2675.8,28.57,48.98,77.55,17.35,5.1,98
37,68338,3731213,214,214,11,MATH,219,214,2551.3,8.88,18.22,27.1,24.3,48.6,214
37,73569,3731221,245,245,3,MATH,*,*,*,*,*,*,*,*,*
37,73569,3731221,245,245,8,MATH,38,38,2476.5,0,2.63,2.63,36.84,60.53,38
37,73569,3731221,245,245,11,MATH,124,102,2486.8,0,3.92,3.92,15.69,80.39,102
37,68163,3731239,1355,1351,3,MATH,224,206,2420.4,15.2,27.94,43.14,25.98,30.88,204
37,68163,3731239,1355,1351,8,MATH,209,196,2553,17.35,19.39,36.73,29.08,34.18,196
37,68163,3731239,1355,1351,11,MATH,133,123,2526,5.69,10.57,16.26,24.39,59.35,123
37,68338,3731247,136,136,11,MATH,138,136,2617.5,17.65,30.88,48.53,25,26.47,136
37,68130,3731262,498,498,11,MATH,511,498,2599.6,14.26,28.31,42.57,28.11,29.32,498
37,68411,3731304,70,70,11,MATH,78,70,2408.3,0,0,0,4.29,95.71,70
37,75614,3731312,31,31,11,MATH,31,31,2435.1,0,0,0,6.45,93.55,31
37,68338,3731395,157,157,3,MATH,*,*,*,*,*,*,*,*,*
37,68338,3731395,157,157,8,MATH,29,27,2505.2,0,25.93,25.93,22.22,51.85,27
37,68338,3731395,157,157,11,MATH,65,64,2540.8,1.56,12.5,14.06,42.19,43.75,64
37,68411,3731460,*,*,8,MATH,*,*,*,*,*,*,*,*,*
37,68411,3731460,*,*,11,MATH,*,*,*,*,*,*,*,*,*
37,68031,3731478,300,300,11,MATH,313,300,2649.8,30.67,29.33,60,21.67,18.33,300
37,68411,3731502,556,555,11,MATH,587,556,2565.3,7.57,22.16,29.73,30.81,39.46,555
37,68296,3731528,546,546,8,MATH,*,*,*,*,*,*,*,*,*
37,68296,3731528,546,546,11,MATH,572,546,2686.2,39.93,30.77,70.7,18.32,10.99,546
37,68130,3731536,34,33,11,MATH,36,34,2667.1,36.36,33.33,69.7,18.18,12.12,33
37,68338,3731551,923,922,8,MATH,326,321,2494.6,4.98,14.02,19,29.28,51.71,321
37,75614,3731601,31,31,3,MATH,*,*,*,*,*,*,*,*,*
37,75614,3731601,31,31,8,MATH,*,*,*,*,*,*,*,*,*
37,75614,3731601,31,31,11,MATH,*,*,*,*,*,*,*,*,*
37,68411,3731627,641,639,11,MATH,656,641,2586.9,11.89,25.35,37.25,27.7,35.05,639
37,68130,3731692,421,416,11,MATH,439,421,2490.7,2.16,15.63,17.79,16.59,65.63,416
37,68130,3731809,345,345,11,MATH,351,345,2569.7,9.57,20.29,29.86,31.88,38.26,345
37,68452,3732039,60,44,11,MATH,62,60,2426,0,0,0,11.36,88.64,44
37,68411,3732047,89,89,11,MATH,93,89,2434.7,0,1.12,1.12,11.24,87.64,89
37,68106,3732054,107,102,11,MATH,128,107,2410.1,0,0,0,2.94,97.06,102
37,68106,3732062,563,562,11,MATH,576,563,2545.3,9.61,14.06,23.67,26.69,49.64,562
37,68122,3732179,430,430,11,MATH,440,430,2543.3,7.91,17.67,25.58,23.26,51.16,430
37,68122,3732195,43,43,11,MATH,44,43,2436.4,0,0,0,16.28,83.72,43
37,68130,3732336,523,523,11,MATH,539,523,2600,14.53,30.98,45.51,22.94,31.55,523
37,68130,3732559,29,29,11,MATH,33,29,2386.6,0,0,0,3.45,96.55,29
37,68130,3732625,545,544,11,MATH,554,545,2570.6,11.03,23.16,34.19,26.65,39.15,544
37,68130,3732732,568,568,11,MATH,583,568,2618,16.73,30.28,47.01,30.81,22.18,568
37,68338,3732781,516,516,11,MATH,543,516,2638.7,25.97,28.49,54.46,25.19,20.35,516
37,68411,3732849,478,478,11,MATH,505,478,2541.6,4.81,17.15,21.97,28.45,49.58,478
37,68338,3732997,425,423,11,MATH,475,425,2529.9,5.91,14.42,20.33,23.64,56.03,423
37,68171,3733219,42,42,11,MATH,42,42,2548.8,2.38,11.9,14.29,42.86,42.86,42
37,68338,3733508,328,328,11,MATH,383,328,2631.6,29.88,21.95,51.83,22.56,25.61,328
37,68338,3733698,240,240,11,MATH,243,240,2547.2,6.25,17.08,23.33,30,46.67,240
37,68411,3733953,399,399,11,MATH,412,399,2513.7,3.01,12.78,15.79,23.56,60.65,399
37,68338,3734431,211,211,11,MATH,221,211,2554,9.48,11.85,21.33,32.7,45.97,211
37,68130,3734548,318,316,11,MATH,331,318,2586.1,12.97,25.32,38.29,27.22,34.49,316
37,68338,3734654,373,373,11,MATH,392,373,2556,4.02,19.57,23.59,31.64,44.77,373
37,68130,3734761,254,254,11,MATH,272,254,2520,3.94,12.2,16.14,28.35,55.51,254
37,68213,3734878,85,84,11,MATH,87,85,2529.2,4.76,11.9,16.67,33.33,50,84
37,73569,3735206,427,427,11,MATH,495,427,2553.9,7.26,23.42,30.68,23.89,45.43,427
37,68106,3735313,434,434,11,MATH,450,434,2519.4,4.61,12.9,17.51,22.12,60.37,434
37,68338,3735750,412,412,11,MATH,428,412,2587.6,12.86,21.84,34.71,32.04,33.25,412
37,68296,3735842,51,51,11,MATH,57,51,2457.1,0,1.96,1.96,17.65,80.39,51
37,68296,3735867,498,498,11,MATH,523,498,2622.3,22.09,27.11,49.2,26.91,23.9,498
37,68304,3735958,53,53,11,MATH,54,53,2445.3,0,1.89,1.89,11.32,86.79,53
37,68304,3735974,327,327,11,MATH,337,327,2571.5,7.95,22.94,30.89,29.05,40.06,327
37,68346,3737384,45,45,11,MATH,54,45,2536.3,6.67,8.89,15.56,24.44,60,45
37,68346,3737418,465,465,11,MATH,475,465,2661.4,31.83,33.12,64.95,20.86,14.19,465
37,73791,3737632,733,733,11,MATH,741,733,2605.5,21.28,22.1,43.38,24.28,32.33,733
37,68130,3737905,332,332,11,MATH,353,332,2601.5,19.28,25.6,44.88,22.29,32.83,332
37,68338,3737962,91,91,11,MATH,120,91,2446.1,0,1.1,1.1,14.29,84.62,91
37,68411,3738226,722,722,11,MATH,737,722,2535.3,4.57,14.68,19.25,27.84,52.91,722
37,68411,3738234,404,404,11,MATH,413,404,2542.8,4.21,16.83,21.04,31.68,47.28,404
37,68452,3738705,533,533,11,MATH,562,533,2538.7,4.5,13.32,17.82,30.96,51.22,533
37,73569,3739018,612,612,11,MATH,660,612,2596.6,13.89,29.58,43.46,25.98,30.56,612
37,73569,3739026,43,43,11,MATH,56,43,2401.6,0,0,0,2.33,97.67,43
37,67991,3767991,*,*,3,MATH,*,*,*,*,*,*,*,*,*
37,67991,3767991,*,*,8,MATH,*,*,*,*,*,*,*,*,*
37,68031,3768031,*,*,3,MATH,*,*,*,*,*,*,*,*,*
37,68031,3768031,*,*,11,MATH,*,*,*,*,*,*,*,*,*
37,68106,3768106,*,*,11,MATH,*,*,*,*,*,*,*,*,*
37,68114,3768114,*,*,8,MATH,*,*,*,*,*,*,*,*,*
37,68130,3768130,*,*,11,MATH,*,*,*,*,*,*,*,*,*
37,68189,3768189,*,*,3,MATH,*,*,*,*,*,*,*,*,*
37,68189,3768189,*,*,8,MATH,*,*,*,*,*,*,*,*,*
37,68197,3768197,*,*,8,MATH,*,*,*,*,*,*,*,*,*
37,68221,3768221,*,*,3,MATH,*,*,*,*,*,*,*,*,*
37,68296,3768296,*,*,3,MATH,*,*,*,*,*,*,*,*,*
37,68296,3768296,*,*,8,MATH,*,*,*,*,*,*,*,*,*
37,68304,3768304,*,*,3,MATH,*,*,*,*,*,*,*,*,*
37,68304,3768304,*,*,8,MATH,*,*,*,*,*,*,*,*,*
37,68304,3768304,*,*,11,MATH,*,*,*,*,*,*,*,*,*
37,68338,3768338,36,36,3,MATH,*,*,*,*,*,*,*,*,*
37,68338,3768338,36,36,8,MATH,*,*,*,*,*,*,*,*,*
37,68338,3768338,36,36,11,MATH,*,*,*,*,*,*,*,*,*
37,68346,3768346,*,*,8,MATH,*,*,*,*,*,*,*,*,*
37,68346,3768346,*,*,11,MATH,*,*,*,*,*,*,*,*,*
37,68361,3768361,*,*,3,MATH,*,*,*,*,*,*,*,*,*
37,68361,3768361,*,*,8,MATH,*,*,*,*,*,*,*,*,*
37,68387,3768387,*,*,3,MATH,*,*,*,*,*,*,*,*,*
37,68411,3768411,75,75,8,MATH,71,24,2474.8,0,4.17,4.17,37.5,58.33,24
37,68411,3768411,75,75,11,MATH,129,38,2477.7,0,0,0,26.32,73.68,38
37,68452,3768452,*,*,8,MATH,*,*,*,*,*,*,*,*,*
37,68452,3768452,*,*,11,MATH,*,*,*,*,*,*,*,*,*
37,73551,3773551,*,*,8,MATH,*,*,*,*,*,*,*,*,*
37,73569,3773569,*,*,3,MATH,*,*,*,*,*,*,*,*,*
37,73569,3773569,*,*,8,MATH,*,*,*,*,*,*,*,*,*
37,73569,3773569,*,*,11,MATH,*,*,*,*,*,*,*,*,*
37,73791,3773791,*,*,3,MATH,*,*,*,*,*,*,*,*,*
37,73791,3773791,*,*,8,MATH,*,*,*,*,*,*,*,*,*
37,73791,3773791,*,*,11,MATH,*,*,*,*,*,*,*,*,*
37,75614,3775614,*,*,3,MATH,*,*,*,*,*,*,*,*,*
37,75614,3775614,*,*,8,MATH,*,*,*,*,*,*,*,*,*
37,67967,6037519,182,182,3,MATH,45,44,2447.1,13.64,47.73,61.36,27.27,11.36,44
37,67967,6037535,525,525,8,MATH,191,188,2563.6,17.55,26.6,44.15,29.26,26.6,188
37,76851,6037543,489,489,3,MATH,169,166,2453.1,26.51,34.34,60.84,24.1,15.06,166
37,67983,6037550,80,80,3,MATH,24,24,2369.5,4.17,12.5,16.67,29.17,54.17,24
37,67991,6037568,266,266,3,MATH,82,81,2434,18.52,28.4,46.91,33.33,19.75,81
37,67991,6037576,137,137,3,MATH,73,72,2442.6,19.44,36.11,55.56,25,19.44,72
37,67991,6037584,888,888,8,MATH,320,310,2499.4,6.13,17.42,23.55,26.77,49.68,310
37,67991,6037592,339,339,3,MATH,106,104,2393.5,6.73,22.12,28.85,28.85,42.31,104
37,67991,6037600,66,66,3,MATH,19,19,2390.5,10.53,21.05,31.58,15.79,52.63,19
37,67991,6037626,590,590,8,MATH,195,189,2469.2,8.47,9.52,17.99,17.46,64.55,189
37,67991,6037634,321,320,3,MATH,100,97,2417.5,13.4,29.9,43.3,27.84,28.87,97
37,67991,6037642,316,316,3,MATH,101,98,2477.3,39.8,32.65,72.45,17.35,10.2,98
37,67991,6037659,742,742,8,MATH,237,235,2502.3,8.09,15.32,23.4,28.09,48.51,235
37,67991,6037675,331,331,3,MATH,107,104,2373.1,1.92,12.5,14.42,30.77,54.81,104
37,67991,6037683,422,422,3,MATH,133,130,2383.1,5.38,16.15,21.54,30.77,47.69,130
37,67991,6037691,331,331,3,MATH,100,99,2408.6,10.1,29.29,39.39,25.25,35.35,99
37,67991,6037709,246,246,3,MATH,77,75,2353.4,4,6.67,10.67,29.33,60,75
37,67991,6037717,332,332,3,MATH,105,103,2395.6,7.77,18.45,26.21,35.92,37.86,103
37,67991,6037725,461,461,3,MATH,136,131,2368.7,6.11,16.79,22.9,23.66,53.44,131
37,67991,6037733,158,158,3,MATH,56,50,2395.8,18,12,30,20,50,50
37,67991,6037741,325,325,3,MATH,83,82,2371.4,3.66,9.76,13.41,30.49,56.1,82
37,68007,6037758,360,360,3,MATH,35,35,2502.9,54.29,28.57,82.86,11.43,5.71,35
37,68007,6037766,45,45,3,MATH,53,45,2489.6,42.22,40,82.22,8.89,8.89,45
37,73551,6037774,129,129,3,MATH,37,36,2459,13.89,58.33,72.22,25,2.78,36
37,73551,6037782,237,237,3,MATH,74,72,2449,22.22,38.89,61.11,25,13.89,72
37,73551,6037790,247,247,3,MATH,91,85,2471,32.94,37.65,70.59,21.18,8.24,85
37,73551,6037816,1003,1003,8,MATH,365,349,2610.4,42.12,16.62,58.74,20.34,20.92,349
37,68023,6037824,230,230,3,MATH,58,58,2403.7,10.34,29.31,39.66,18.97,41.38,58
37,68023,6037832,230,230,3,MATH,48,48,2474.8,33.33,37.5,70.83,25,4.17,48
37,68023,6037840,203,203,3,MATH,36,36,2401.2,8.33,16.67,25,36.11,38.89,36
37,68023,6037857,206,206,3,MATH,49,49,2437.4,12.24,32.65,44.9,40.82,14.29,49
37,68023,6037865,263,263,3,MATH,69,66,2427.4,19.7,34.85,54.55,19.7,25.76,66
37,68023,6037873,381,381,3,MATH,101,101,2393,8.91,20.79,29.7,28.71,41.58,101
37,68023,6037881,198,198,3,MATH,44,44,2414.4,13.64,22.73,36.36,29.55,34.09,44
37,68023,6037899,340,340,3,MATH,68,67,2460,28.36,31.34,59.7,29.85,10.45,67
37,68023,6037907,462,462,3,MATH,119,117,2418.4,16.24,23.08,39.32,29.06,31.62,117
37,68023,6037915,182,182,3,MATH,51,50,2428.6,14,38,52,32,16,50
37,68023,6037923,180,180,3,MATH,48,48,2392.1,6.25,16.67,22.92,37.5,39.58,48
37,68023,6037931,368,368,3,MATH,93,92,2437.7,21.74,32.61,54.35,22.83,22.83,92
37,68023,6037949,255,254,3,MATH,64,64,2440.6,25,28.13,53.13,28.13,18.75,64
37,68023,6037956,783,783,3,MATH,146,146,2418.8,13.7,28.08,41.78,28.08,30.14,146
37,68023,6037956,783,783,8,MATH,84,83,2592.1,34.94,20.48,55.42,21.69,22.89,83
37,68023,6037964,199,199,3,MATH,40,38,2465.6,26.32,42.11,68.42,28.95,2.63,38
37,68023,6037972,196,196,3,MATH,46,45,2461.3,28.89,44.44,73.33,13.33,13.33,45
37,68023,6037980,735,735,3,MATH,120,117,2469.2,30.77,38.46,69.23,16.24,14.53,117
37,68023,6037980,735,735,8,MATH,82,82,2607.6,31.71,29.27,60.98,24.39,14.63,82
37,68023,6037980,735,735,11,MATH,83,82,2555.3,8.54,12.2,20.73,37.8,41.46,82
37,68023,6037998,344,344,3,MATH,69,69,2417,15.94,27.54,43.48,26.09,30.43,69
37,68023,6038004,242,242,3,MATH,49,48,2470.9,33.33,41.67,75,16.67,8.33,48
37,68023,6038012,244,244,3,MATH,55,55,2460.9,32.73,29.09,61.82,29.09,9.09,55
37,68023,6038020,276,276,3,MATH,57,57,2453.8,33.33,31.58,64.91,15.79,19.3,57
37,68023,6038038,353,353,3,MATH,91,87,2396.2,4.6,20.69,25.29,39.08,35.63,87
37,68023,6038046,335,335,3,MATH,101,98,2409.6,10.2,28.57,38.78,20.41,40.82,98
37,68031,6038053,421,421,3,MATH,139,132,2482.2,42.42,37.12,79.55,12.88,7.58,132
37,68031,6038087,165,165,3,MATH,46,45,2464.4,31.11,35.56,66.67,22.22,11.11,45
37,68049,6038095,105,105,3,MATH,15,15,2431.4,13.33,26.67,40,40,20,15
37,68049,6038095,105,105,8,MATH,16,15,2497.9,0,6.67,6.67,60,33.33,15
37,68056,6038111,283,283,3,MATH,68,66,2514.1,60.61,27.27,87.88,9.09,3.03,66
37,68080,6038145,337,337,3,MATH,86,85,2436.1,23.53,30.59,54.12,21.18,24.71,85
37,68080,6038152,315,315,3,MATH,95,93,2485,37.63,39.78,77.42,19.35,3.23,93
37,68098,6038178,311,311,3,MATH,95,95,2371,4.21,13.68,17.89,29.47,52.63,95
37,68098,6038186,288,288,3,MATH,90,90,2391.9,8.89,21.11,30,26.67,43.33,90
37,68098,6038194,806,806,8,MATH,292,290,2475.6,5.52,8.97,14.48,17.59,67.93,290
37,68098,6038202,309,309,3,MATH,108,108,2385.7,7.41,12.96,20.37,34.26,45.37,108
37,68098,6038210,942,942,8,MATH,288,286,2497.7,5.59,11.89,17.48,26.22,56.29,286
37,68098,6038228,309,309,3,MATH,93,91,2390.1,3.3,25.27,28.57,28.57,42.86,91
37,68098,6038236,282,282,3,MATH,100,94,2404.3,4.26,29.79,34.04,34.04,31.91,94
37,68098,6038244,392,392,3,MATH,130,127,2389.4,3.94,21.26,25.2,31.5,43.31,127
37,68098,6038251,248,248,3,MATH,73,73,2446.5,15.07,36.99,52.05,36.99,10.96,73
37,68114,6038269,280,280,3,MATH,72,69,2429.6,17.39,28.99,46.38,30.43,23.19,69
37,68114,6038277,826,826,8,MATH,417,412,2518.7,10.92,19.9,30.83,25.97,43.2,412
37,68114,6038285,276,276,3,MATH,61,61,2414.5,11.48,29.51,40.98,27.87,31.15,61
37,68114,6038301,323,323,3,MATH,87,86,2505.9,55.81,33.72,89.53,6.98,3.49,86
37,68114,6038301,323,323,8,MATH,20,19,2589,26.32,26.32,52.63,26.32,21.05,19
37,68155,6038319,52,52,3,MATH,53,52,2401.8,9.62,26.92,36.54,30.77,32.69,52
37,68163,6038327,104,104,3,MATH,33,33,2399.6,15.15,15.15,30.3,30.3,39.39,33
37,68189,6038343,320,320,3,MATH,121,118,2428.7,16.1,28.81,44.92,33.05,22.03,118
37,68189,6038350,767,767,8,MATH,215,208,2531.6,15.87,16.83,32.69,25.48,41.83,208
37,68189,6038368,330,330,3,MATH,115,112,2459,24.11,41.96,66.07,25.89,8.04,112
37,68189,6038376,259,259,3,MATH,85,83,2393.4,10.84,24.1,34.94,21.69,43.37,83
37,68189,6038384,444,444,3,MATH,150,148,2475.3,36.49,35.14,71.62,16.22,12.16,148
37,68197,6038400,228,228,3,MATH,62,62,2412.1,17.74,17.74,35.48,30.65,33.87,62
37,68197,6038418,322,321,3,MATH,100,99,2361.9,2.02,13.13,15.15,21.21,63.64,99
37,68197,6038434,159,159,3,MATH,44,44,2384.1,11.36,20.45,31.82,29.55,38.64,44
37,68197,6038442,368,368,3,MATH,100,100,2478.9,36,34,70,20,10,100
37,68197,6038459,241,241,3,MATH,79,78,2375.9,11.54,8.97,20.51,20.51,58.97,78
37,68197,6038467,82,82,3,MATH,84,82,2402.1,6.1,29.27,35.37,29.27,35.37,82
37,68197,6038475,220,220,3,MATH,61,59,2417.9,11.86,23.73,35.59,28.81,35.59,59
37,68197,6038509,236,236,3,MATH,77,74,2419.6,17.57,24.32,41.89,32.43,25.68,74
37,68197,6038517,321,321,3,MATH,107,103,2450.3,25.24,28.16,53.4,25.24,21.36,103
37,68197,6038525,174,174,3,MATH,51,51,2409.9,7.84,33.33,41.18,27.45,31.37,51
37,68197,6038533,411,411,3,MATH,121,116,2439.1,15.52,37.93,53.45,29.31,17.24,116
37,68197,6038541,253,253,3,MATH,69,68,2432.1,16.18,36.76,52.94,27.94,19.12,68
37,68197,6038558,776,776,8,MATH,370,359,2572.6,28.97,18.11,47.08,25.35,27.58,359
37,68197,6038566,190,190,3,MATH,49,48,2421.1,20.83,18.75,39.58,29.17,31.25,48
37,68197,6038574,283,283,3,MATH,85,84,2407.5,15.48,23.81,39.29,23.81,36.9,84
37,68205,6038608,919,919,3,MATH,65,64,2415.2,4.69,46.88,51.56,21.88,26.56,64
37,68205,6038608,919,919,8,MATH,298,295,2548.3,15.59,23.73,39.32,28.14,32.54,295
37,68205,6038624,249,249,3,MATH,59,59,2429.2,16.95,30.51,47.46,30.51,22.03,59
37,68205,6038632,358,358,3,MATH,54,53,2399.5,7.55,13.21,20.75,41.51,37.74,53
37,68205,6038632,358,358,8,MATH,49,48,2557.1,16.67,25,41.67,25,33.33,48
37,68205,6038657,201,201,3,MATH,55,52,2407.3,11.54,19.23,30.77,36.54,32.69,52
37,68205,6038665,300,300,3,MATH,74,74,2402.9,8.11,31.08,39.19,25.68,35.14,74
37,68205,6038673,362,362,3,MATH,54,53,2442.8,22.64,39.62,62.26,22.64,15.09,53
37,68205,6038673,362,362,8,MATH,55,53,2515.3,13.21,16.98,30.19,16.98,52.83,53
37,68213,6038681,288,287,3,MATH,55,55,2359.6,1.82,10.91,12.73,27.27,60,55
37,68213,6038681,288,287,8,MATH,47,47,2459.7,2.13,4.26,6.38,17.02,76.6,47
37,68213,6038699,74,74,3,MATH,26,26,2420.1,15.38,26.92,42.31,23.08,34.62,26
37,68221,6038731,348,348,3,MATH,86,86,2404.5,10.47,26.74,37.21,24.42,38.37,86
37,68221,6038749,282,282,3,MATH,66,66,2429.8,18.18,28.79,46.97,27.27,25.76,66
37,68221,6038756,260,260,3,MATH,69,68,2392.3,8.82,20.59,29.41,23.53,47.06,68
37,68221,6038764,335,335,3,MATH,71,71,2423.5,15.49,23.94,39.44,33.8,26.76,71
37,68221,6038772,207,207,3,MATH,47,47,2412.5,6.38,27.66,34.04,31.91,34.04,47
37,68221,6038780,371,371,3,MATH,86,84,2386.2,4.76,16.67,21.43,34.52,44.05,84
37,68221,6038798,322,322,3,MATH,76,76,2404.1,13.16,23.68,36.84,30.26,32.89,76
37,68221,6038806,338,338,3,MATH,72,72,2425.7,13.89,29.17,43.06,26.39,30.56,72
37,68221,6038814,333,333,3,MATH,71,71,2451.4,23.94,32.39,56.34,32.39,11.27,71
37,73569,6038830,608,608,8,MATH,204,197,2504.9,5.08,18.27,23.35,27.41,49.24,197
37,73569,6038848,211,209,3,MATH,73,72,2381.3,4.23,22.54,26.76,19.72,53.52,71
37,73569,6038855,277,277,3,MATH,93,91,2392.3,5.49,21.98,27.47,28.57,43.96,91
37,73569,6038863,814,813,8,MATH,277,263,2556.6,20.23,25.19,45.42,21.76,32.82,262
37,73569,6038871,273,273,3,MATH,94,92,2410.4,9.78,27.17,36.96,32.61,30.43,92
37,73569,6038889,397,397,3,MATH,85,74,2441.4,17.57,41.89,59.46,24.32,16.22,74
37,73569,6038889,397,397,8,MATH,48,48,2594.4,22.92,33.33,56.25,27.08,16.67,48
37,73569,6038897,313,313,3,MATH,103,101,2441.7,19.8,39.6,59.41,18.81,21.78,101
37,73569,6038905,166,166,3,MATH,54,54,2385.5,3.7,16.67,20.37,38.89,40.74,54
37,73569,6038913,341,341,3,MATH,82,76,2457.4,23.68,40.79,64.47,22.37,13.16,76
37,73569,6038913,341,341,8,MATH,45,42,2591.4,28.57,23.81,52.38,21.43,26.19,42
37,73569,6038921,360,359,3,MATH,113,110,2432.9,18.18,31.82,50,22.73,27.27,110
37,68098,6038939,299,299,3,MATH,110,109,2419.9,12.84,33.03,45.87,24.77,29.36,109
37,68098,6038947,333,333,3,MATH,113,112,2408.4,8.93,26.79,35.71,32.14,32.14,112
37,75614,6038962,125,125,3,MATH,34,33,2375.8,0,18.18,18.18,30.3,51.52,33
37,75614,6038962,125,125,8,MATH,13,11,2464.6,0,0,0,27.27,72.73,11
37,68296,6038970,218,218,3,MATH,77,77,2479.3,32.47,46.75,79.22,18.18,2.6,77
37,68296,6038988,1345,1345,8,MATH,443,439,2625.6,46.7,17.54,64.24,20.05,15.72,439
37,68296,6038996,309,309,3,MATH,100,98,2472.9,35.71,36.73,72.45,19.39,8.16,98
37,68296,6039002,191,191,3,MATH,60,59,2427.3,15.25,35.59,50.85,22.03,27.12,59
37,68296,6039010,343,343,3,MATH,115,115,2447.7,23.48,28.7,52.17,30.43,17.39,115
37,68304,6039028,327,327,3,MATH,87,87,2413.6,10.34,26.44,36.78,34.48,28.74,87
37,68304,6039036,272,272,3,MATH,60,59,2423.1,8.47,30.51,38.98,32.2,28.81,59
37,68312,6039051,225,225,3,MATH,70,70,2522.8,67.14,21.43,88.57,11.43,0,70
37,73791,6039069,431,431,3,MATH,110,107,2408.6,9.35,24.3,33.64,35.51,30.84,107
37,73791,6039077,404,404,3,MATH,124,122,2468.3,33.61,33.61,67.21,19.67,13.11,122
37,73791,6039085,460,460,3,MATH,144,143,2386.7,4.9,21.68,26.57,26.57,46.85,143
37,73791,6039093,1204,1201,8,MATH,465,454,2521.3,14.32,13,27.31,27.09,45.59,454
37,68338,6039101,131,130,3,MATH,48,48,2410.2,8.33,29.17,37.5,22.92,39.58,48
37,68338,6039119,70,70,3,MATH,25,23,2433.3,17.39,21.74,39.13,39.13,21.74,23
37,68338,6039135,216,216,3,MATH,67,66,2442.8,27.27,31.82,59.09,18.18,22.73,66
37,68338,6039143,283,282,3,MATH,39,38,2385.4,13.16,15.79,28.95,18.42,52.63,38
37,68338,6039143,283,282,8,MATH,35,34,2544.6,17.65,17.65,35.29,32.35,32.35,34
37,68338,6039150,183,183,3,MATH,65,63,2413.6,6.35,33.33,39.68,26.98,33.33,63
37,68338,6039168,240,240,3,MATH,80,79,2388.9,6.33,12.66,18.99,36.71,44.3,79
37,68338,6039184,160,160,3,MATH,50,50,2492.7,44,38,82,14,4,50
37,68338,6039200,190,190,3,MATH,70,69,2476.6,30.43,44.93,75.36,14.49,10.14,69
37,68338,6039242,237,237,3,MATH,77,75,2489.2,40,40,80,14.67,5.33,75
37,68338,6039259,230,230,3,MATH,80,77,2473,41.56,27.27,68.83,16.88,14.29,77
37,68338,6039267,250,250,3,MATH,82,80,2390.5,11.25,17.5,28.75,30,41.25,80
37,68338,6039283,182,178,3,MATH,58,57,2396,5.66,22.64,28.3,28.3,43.4,53
37,68338,6039291,47,47,3,MATH,31,30,2430.8,10,33.33,43.33,43.33,13.33,30
37,68338,6039309,74,74,3,MATH,24,19,2478.9,31.58,52.63,84.21,15.79,0,19
37,68338,6039341,200,200,3,MATH,64,62,2417.9,19.35,27.42,46.77,19.35,33.87,62
37,68338,6039358,90,90,3,MATH,27,26,2418.2,19.23,19.23,38.46,38.46,23.08,26
37,68338,6039366,329,327,3,MATH,108,105,2376.9,1.9,16.19,18.1,29.52,52.38,105
37,68338,6039374,177,177,3,MATH,64,58,2479.1,37.93,39.66,77.59,12.07,10.34,58
37,68338,6039382,313,313,3,MATH,101,101,2423.4,20.79,23.76,44.55,26.73,28.71,101
37,68338,6039390,140,140,3,MATH,42,42,2450.1,23.81,35.71,59.52,21.43,19.05,42
37,68338,6039424,180,180,3,MATH,69,68,2434.2,27.94,22.06,50,20.59,29.41,68
37,68338,6039432,89,89,3,MATH,38,38,2431.9,18.42,36.84,55.26,18.42,26.32,38
37,68338,6039440,293,293,3,MATH,103,98,2496,51.02,29.59,80.61,12.24,7.14,98
37,68338,6039457,421,421,3,MATH,73,72,2437,16.67,34.72,51.39,29.17,19.44,72
37,68338,6039457,421,421,8,MATH,53,53,2516.2,7.55,15.09,22.64,33.96,43.4,53
37,68338,6039481,98,98,3,MATH,51,51,2465.5,33.33,41.18,74.51,15.69,9.8,51
37,68338,6039499,259,259,3,MATH,72,72,2440.4,20.83,33.33,54.17,23.61,22.22,72
37,68338,6039507,277,277,3,MATH,78,74,2406,9.46,32.43,41.89,22.97,35.14,74
37,68338,6039515,222,222,3,MATH,77,73,2418.1,15.07,30.14,45.21,27.4,27.4,73
37,68338,6039523,245,244,3,MATH,72,71,2403.2,4.23,30.99,35.21,29.58,35.21,71
37,68338,6039556,117,117,3,MATH,42,42,2408.2,11.9,23.81,35.71,35.71,28.57,42
37,68338,6039564,94,94,3,MATH,31,31,2462.2,29.03,35.48,64.52,25.81,9.68,31
37,68338,6039572,99,99,3,MATH,35,34,2438.4,17.65,32.35,50,35.29,14.71,34
37,68338,6039598,169,169,3,MATH,55,52,2417.7,13.46,25,38.46,34.62,26.92,52
37,68338,6039606,124,124,3,MATH,39,37,2453.4,27.03,32.43,59.46,21.62,18.92,37
37,68338,6039614,158,158,3,MATH,54,54,2431.5,27.78,24.07,51.85,22.22,25.93,54
37,68338,6039630,227,227,3,MATH,39,37,2416.2,21.62,18.92,40.54,21.62,37.84,37
37,68338,6039630,227,227,8,MATH,27,26,2431.3,3.85,0,3.85,7.69,88.46,26
37,68338,6039648,194,194,3,MATH,75,72,2439,19.44,38.89,58.33,20.83,20.83,72
37,68338,6039655,139,139,3,MATH,35,35,2453,20,37.14,57.14,31.43,11.43,35
37,68338,6039671,500,500,3,MATH,60,59,2504.5,54.24,27.12,81.36,13.56,5.08,59
37,68338,6039671,500,500,8,MATH,71,70,2574.6,24.29,24.29,48.57,21.43,30,70
37,68338,6039697,206,206,3,MATH,72,71,2493.9,43.66,38.03,81.69,9.86,8.45,71
37,68338,6039705,246,246,3,MATH,71,70,2405.4,20,12.86,32.86,28.57,38.57,70
37,68338,6039713,189,189,3,MATH,61,57,2482.6,45.61,28.07,73.68,12.28,14.04,57
37,68338,6039721,109,109,3,MATH,32,32,2452.6,31.25,37.5,68.75,3.13,28.13,32
37,68338,6039739,245,245,3,MATH,70,70,2514.6,60,20,80,14.29,5.71,70
37,68338,6039747,265,265,3,MATH,96,93,2525.7,66.67,22.58,89.25,9.68,1.08,93
37,68338,6039754,224,224,3,MATH,74,63,2391.1,4.76,20.63,25.4,28.57,46.03,63
37,68338,6039762,333,331,3,MATH,119,116,2409.1,15.52,27.59,43.1,22.41,34.48,116
37,68338,6039770,131,131,3,MATH,48,44,2470.5,31.82,43.18,75,15.91,9.09,44
37,68338,6039788,180,170,3,MATH,64,62,2425.8,18.52,31.48,50,24.07,25.93,54
37,68338,6039796,127,127,3,MATH,48,45,2468.8,33.33,37.78,71.11,13.33,15.56,45
37,68338,6039804,89,89,3,MATH,38,35,2439.5,25.71,17.14,42.86,40,17.14,35
37,68338,6039812,409,409,3,MATH,49,48,2375.9,4.17,18.75,22.92,27.08,50,48
37,68338,6039812,409,409,8,MATH,87,87,2499.8,8.05,14.94,22.99,26.44,50.57,87
37,68338,6039846,305,305,3,MATH,91,90,2565.3,92.22,6.67,98.89,1.11,0,90
37,68338,6039853,112,112,3,MATH,35,34,2412.1,2.94,35.29,38.24,32.35,29.41,34
37,68338,6039861,144,144,3,MATH,38,38,2422.2,15.79,31.58,47.37,28.95,23.68,38
37,68338,6039879,199,199,3,MATH,64,63,2403.6,9.52,22.22,31.75,26.98,41.27,63
37,68338,6039887,180,180,3,MATH,66,63,2447.4,31.75,26.98,58.73,17.46,23.81,63
37,68338,6039895,340,340,3,MATH,56,55,2411.3,9.09,16.36,25.45,49.09,25.45,55
37,68338,6039895,340,340,8,MATH,43,42,2485.2,4.76,14.29,19.05,21.43,59.52,42
37,68338,6039903,155,155,3,MATH,87,86,2457.4,29.07,30.23,59.3,23.26,17.44,86
37,68338,6039911,477,477,3,MATH,127,124,2470.9,36.29,26.61,62.9,21.77,15.32,124
37,68338,6039911,477,477,8,MATH,47,47,2619.9,36.17,27.66,63.83,27.66,8.51,47
37,68338,6039929,263,263,3,MATH,53,49,2342.7,2.04,6.12,8.16,24.49,67.35,49
37,68338,6039929,263,263,8,MATH,53,46,2417.2,0,0,0,10.87,89.13,46
37,68338,6039952,259,259,3,MATH,85,85,2405.6,11.76,30.59,42.35,24.71,32.94,85
37,68338,6039960,183,183,3,MATH,78,76,2508.4,57.89,28.95,86.84,10.53,2.63,76
37,68338,6039978,282,282,3,MATH,107,105,2473.6,37.14,36.19,73.33,18.1,8.57,105
37,68338,6040000,600,600,3,MATH,122,120,2414,10.83,27.5,38.33,28.33,33.33,120
37,68338,6040000,600,600,8,MATH,83,79,2580.6,22.78,26.58,49.37,30.38,20.25,79
37,68338,6040018,237,237,3,MATH,41,39,2419.1,7.69,28.21,35.9,41.03,23.08,39
37,68338,6040018,237,237,8,MATH,30,29,2475.4,6.9,3.45,10.34,31.03,58.62,29
37,68338,6040026,236,236,3,MATH,75,74,2463.1,29.73,33.78,63.51,24.32,12.16,74
37,68338,6040034,154,154,3,MATH,90,82,2461,28.05,37.8,65.85,25.61,8.54,82
37,68338,6040042,206,206,3,MATH,77,72,2467.4,34.72,30.56,65.28,13.89,20.83,72
37,68338,6040059,118,118,3,MATH,37,37,2423.4,10.81,32.43,43.24,27.03,29.73,37
37,68338,6040067,147,147,3,MATH,59,58,2452.4,29.31,20.69,50,31.03,18.97,58
37,68338,6040083,84,84,3,MATH,14,13,2293.6,0,0,0,0,100,13
37,68338,6040083,84,84,8,MATH,17,13,2377.4,0,0,0,0,100,13
37,68338,6040083,84,84,11,MATH,25,12,2466.5,0,8.33,8.33,16.67,75,12
37,68338,6040091,91,91,3,MATH,27,27,2469.9,22.22,59.26,81.48,11.11,7.41,27
37,68338,6040109,145,144,3,MATH,56,56,2437.1,17.86,32.14,50,30.36,19.64,56
37,68338,6040117,97,97,3,MATH,37,33,2405.9,15.15,12.12,27.27,36.36,36.36,33
37,68338,6040133,96,96,3,MATH,33,32,2422.2,21.88,25,46.88,21.88,31.25,32
37,68338,6040141,205,205,3,MATH,84,80,2508.1,57.5,33.75,91.25,5,3.75,80
37,68338,6040158,314,314,3,MATH,104,100,2423.1,15,29,44,27,29,100
37,68338,6040166,196,196,3,MATH,96,96,2480.8,41.67,35.42,77.08,13.54,9.38,96
37,68338,6040174,313,313,3,MATH,91,91,2445.7,36.26,20.88,57.14,16.48,26.37,91
37,68338,6040208,169,169,3,MATH,95,93,2483.2,36.56,40.86,77.42,19.35,3.23,93
37,68338,6040224,109,109,3,MATH,51,50,2451.3,22,40,62,22,16,50
37,68338,6040232,224,224,3,MATH,78,76,2536,69.74,23.68,93.42,5.26,1.32,76
37,68338,6040257,219,219,3,MATH,83,80,2423.8,11.25,31.25,42.5,27.5,30,80
37,68338,6040265,103,103,3,MATH,47,37,2402,5.41,21.62,27.03,35.14,37.84,37
37,68338,6040273,179,179,3,MATH,51,50,2371.6,4,14,18,32,50,50
37,68338,6040281,90,90,3,MATH,40,40,2424.2,15,35,50,25,25,40
37,68338,6040299,286,285,3,MATH,106,102,2486.1,38.24,43.14,81.37,15.69,2.94,102
37,68338,6040307,102,101,3,MATH,34,34,2436.7,23.53,26.47,50,17.65,32.35,34
37,68353,6040331,373,373,3,MATH,57,57,2443.8,10.53,43.86,54.39,35.09,10.53,57
37,68353,6040331,373,373,8,MATH,61,61,2606.1,36.07,29.51,65.57,16.39,18.03,61
37,68361,6040349,680,680,3,MATH,108,108,2470.3,39.81,29.63,69.44,15.74,14.81,108
37,68361,6040349,680,680,8,MATH,101,99,2527.4,12.12,24.24,36.36,24.24,39.39,99
37,68361,6040356,309,309,3,MATH,59,58,2442.7,18.97,32.76,51.72,36.21,12.07,58
37,68361,6040356,309,309,8,MATH,54,53,2621.3,37.74,32.08,69.81,24.53,5.66,53
37,68361,6040364,363,363,3,MATH,74,74,2433.5,18.92,29.73,48.65,18.92,32.43,74
37,68361,6040364,363,363,8,MATH,64,64,2549,23.44,14.06,37.5,21.88,40.63,64
37,68361,6040372,644,644,3,MATH,142,142,2442.5,19.72,36.62,56.34,23.24,20.42,142
37,68361,6040372,644,644,8,MATH,73,73,2580.6,26.03,23.29,49.32,27.4,23.29,73
37,68361,6040380,337,337,3,MATH,60,60,2440.6,13.33,45,58.33,23.33,18.33,60
37,68361,6040380,337,337,8,MATH,43,42,2577.4,11.9,40.48,52.38,26.19,21.43,42
37,68361,6040406,182,182,3,MATH,48,47,2481.2,40.43,29.79,70.21,23.4,6.38,47
37,68387,6040455,426,426,3,MATH,26,26,2481.6,38.46,34.62,73.08,15.38,11.54,26
37,68395,6040463,272,272,3,MATH,66,63,2406.7,6.35,31.75,38.1,26.98,34.92,63
37,68395,6040471,317,315,3,MATH,72,72,2367.5,1.43,18.57,20,27.14,52.86,70
37,68395,6040489,349,349,3,MATH,72,72,2432.2,15.28,36.11,51.39,26.39,22.22,72
37,68395,6040505,555,555,3,MATH,88,88,2451.9,20.45,42.05,62.5,22.73,14.77,88
37,68395,6040505,555,555,8,MATH,57,57,2597.3,26.32,31.58,57.89,24.56,17.54,57
37,68395,6040513,601,601,3,MATH,120,119,2437,15.97,36.13,52.1,29.41,18.49,119
37,68395,6040513,601,601,8,MATH,62,60,2593.3,28.33,21.67,50,25,25,60
37,68395,6040521,285,285,3,MATH,64,64,2430.6,10.94,34.38,45.31,35.94,18.75,64
37,68395,6040539,327,327,3,MATH,79,78,2378.6,3.85,17.95,21.79,34.62,43.59,78
37,68403,6040554,12,12,3,MATH,*,*,*,*,*,*,*,*,*
37,68403,6040554,12,12,8,MATH,*,*,*,*,*,*,*,*,*
37,68437,6040562,124,124,3,MATH,22,19,2457.8,15.79,57.89,73.68,21.05,5.26,19
37,68437,6040562,124,124,8,MATH,18,16,2599.3,18.75,50,68.75,12.5,18.75,16
37,68452,6040588,250,250,3,MATH,91,90,2394.6,7.78,15.56,23.33,34.44,42.22,90
37,68452,6040596,328,328,3,MATH,90,90,2421.9,16.67,25.56,42.22,30,27.78,90
37,68452,6040620,310,310,3,MATH,117,117,2421.5,15.38,27.35,42.74,26.5,30.77,117
37,68452,6040638,244,244,3,MATH,77,77,2440.4,14.29,42.86,57.14,33.77,9.09,77
37,68452,6040646,180,180,3,MATH,52,51,2370.4,1.96,15.69,17.65,27.45,54.9,51
37,68452,6040653,302,301,3,MATH,97,97,2402.9,6.25,22.92,29.17,34.38,36.46,96
37,75416,6040661,38,38,3,MATH,11,11,2342.6,0,0,0,18.18,81.82,11
37,68031,6059570,685,685,8,MATH,235,230,2655.1,52.17,22.61,74.78,16.96,8.26,230
37,68338,6059588,755,755,8,MATH,297,289,2450.1,4.5,7.96,12.46,17.3,70.24,289
37,68338,6059596,738,738,8,MATH,393,385,2581.1,29.09,22.34,51.43,21.82,26.75,385
37,68338,6059638,1089,1089,8,MATH,380,353,2582.9,34.56,16.71,51.27,21.53,27.2,353
37,68338,6059646,713,713,8,MATH,254,244,2471.3,10.25,10.66,20.9,15.98,63.11,244
37,68338,6059653,672,670,8,MATH,250,245,2555.4,23.67,19.59,43.27,23.67,33.06,245
37,68338,6059679,429,429,8,MATH,143,138,2485.5,6.52,9.42,15.94,21.74,62.32,138
37,68338,6059687,1027,1027,8,MATH,362,361,2600.7,35.73,21.61,57.34,20.78,21.88,361
37,68338,6059695,722,722,8,MATH,229,223,2555.2,26.46,16.14,42.6,24.22,33.18,223
37,68338,6059703,936,936,8,MATH,319,308,2529.9,17.21,13.96,31.17,25,43.83,308
37,68338,6059711,447,447,8,MATH,175,155,2505,10.32,12.26,22.58,25.81,51.61,155
37,68346,6059737,676,676,8,MATH,366,354,2619.8,40.11,19.21,59.32,25.71,14.97,354
37,68411,6059745,1044,1042,8,MATH,554,532,2568.4,25.94,14.29,40.23,27.63,32.14,532
37,68411,6059752,834,833,8,MATH,455,445,2521,14.16,17.98,32.13,22.25,45.62,445
37,68411,6059760,768,767,8,MATH,383,368,2515,9.24,14.67,23.91,29.62,46.47,368
37,68411,6059778,639,637,8,MATH,316,310,2536.4,17.48,20.39,37.86,23.3,38.83,309
37,68411,6059786,830,830,8,MATH,436,423,2473.1,5.67,10.17,15.84,21.75,62.41,423
37,68411,6059794,790,788,8,MATH,413,397,2510.3,10.1,12.12,22.22,31.57,46.21,396
37,68452,6059802,774,771,8,MATH,251,249,2448.8,2.02,6.45,8.47,17.74,73.79,248
37,68452,6059810,723,723,8,MATH,230,228,2502.3,8.77,10.09,18.86,30.26,50.88,228
37,68338,6061964,1068,1068,3,MATH,52,51,2453.2,25.49,35.29,60.78,23.53,15.69,51
37,68338,6061964,1068,1068,8,MATH,265,261,2554.2,21.07,16.09,37.16,26.82,36.02,261
37,68338,6061964,1068,1068,11,MATH,116,116,2606.7,13.79,27.59,41.38,36.21,22.41,116
37,68338,6061972,660,660,8,MATH,227,220,2582.6,24.55,25,49.55,28.64,21.82,220
37,68338,6061980,655,655,8,MATH,228,223,2486.6,5.83,8.97,14.8,25.56,59.64,223
37,68346,6061998,524,524,8,MATH,266,255,2639.2,48.63,21.96,70.59,11.76,17.65,255
37,68411,6062004,918,917,8,MATH,451,437,2487.8,6.65,12.61,19.27,22.02,58.72,436
37,68411,6062012,622,621,8,MATH,319,316,2457.7,5.08,10.16,15.24,17.46,67.3,315
37,68023,6066971,195,194,3,MATH,44,43,2460.8,41.86,18.6,60.47,27.91,11.63,43
37,68080,6066989,386,386,3,MATH,91,90,2487.4,41.11,36.67,77.78,15.56,6.67,90
37,68098,6066997,202,202,3,MATH,64,64,2446.5,18.75,45.31,64.06,20.31,15.63,64
37,68395,6067029,298,298,3,MATH,81,81,2384.8,2.47,19.75,22.22,29.63,48.15,81
37,68361,6068159,560,560,3,MATH,69,67,2422.2,11.94,29.85,41.79,31.34,26.87,67
37,68361,6068159,560,560,8,MATH,127,123,2574.1,24.39,28.46,52.85,25.2,21.95,123
37,67991,6069082,291,291,3,MATH,78,77,2408.6,14.29,23.38,37.66,29.87,32.47,77
37,68023,6069090,326,326,3,MATH,75,75,2408,9.33,25.33,34.67,34.67,30.67,75
37,73569,6069108,193,193,3,MATH,69,69,2412.1,2.9,31.88,34.78,37.68,27.54,69
37,68338,6069116,376,376,3,MATH,135,130,2498.9,50,35.38,85.38,12.31,2.31,130
37,68452,6069124,290,290,3,MATH,93,90,2467.7,35.56,26.67,62.22,25.56,12.22,90
37,68023,6070825,183,183,3,MATH,39,39,2404.2,5.13,28.21,33.33,23.08,43.59,39
37,68197,6070833,378,378,3,MATH,104,103,2469.5,34.95,35.92,70.87,14.56,14.56,103
37,68296,6070841,286,286,3,MATH,87,87,2493.8,49.43,34.48,83.91,11.49,4.6,87
37,68296,6070858,366,366,3,MATH,121,119,2484.1,41.18,36.97,78.15,14.29,7.56,119
37,68296,6070866,1100,1100,8,MATH,393,372,2611.9,39.25,25,64.25,18.01,17.74,372
37,68387,6070882,111,111,3,MATH,111,111,2486.1,44.14,34.23,78.38,9.91,11.71,111
37,68411,6070890,808,808,8,MATH,417,410,2491.1,5.12,13.41,18.54,25.85,55.61,410
37,68312,6070908,213,213,8,MATH,71,59,2649.9,54.24,23.73,77.97,15.25,6.78,59
37,68338,6071914,280,280,3,MATH,100,98,2448.8,18.37,40.82,59.18,27.55,13.27,98
37,68338,6077317,179,179,3,MATH,55,50,2470.9,34,30,64,28,8,50
37,68189,6085047,639,639,8,MATH,237,231,2523.6,10.39,15.15,25.54,31.6,42.86,231
37,68213,6085054,54,54,3,MATH,17,17,2474.3,41.18,35.29,76.47,0,23.53,17
37,68296,6085088,348,348,3,MATH,105,103,2462.3,27.18,42.72,69.9,17.48,12.62,103
37,68379,6085146,141,141,3,MATH,143,141,2399.1,9.22,24.82,34.04,30.5,35.46,141
37,68361,6085153,676,676,3,MATH,116,115,2465.5,28.7,37.39,66.09,21.74,12.17,115
37,68361,6085153,676,676,8,MATH,102,101,2597.2,38.61,18.81,57.43,18.81,23.76,101
37,68361,6085161,464,464,3,MATH,88,87,2425.4,13.79,31.03,44.83,31.03,24.14,87
37,68361,6085161,464,464,8,MATH,92,90,2567.2,20,23.33,43.33,26.67,30,90
37,68056,6088983,182,182,3,MATH,48,48,2495.9,45.83,33.33,79.17,12.5,8.33,48
37,73569,6088991,213,213,3,MATH,62,61,2363,0,14.75,14.75,29.51,55.74,61
37,68338,6089015,296,296,3,MATH,89,89,2504,50.56,35.96,86.52,6.74,6.74,89
37,68338,6089023,194,194,3,MATH,76,75,2458.1,22.67,41.33,64,20,16,75
37,68338,6089049,324,324,3,MATH,87,87,2493.7,50.57,27.59,78.16,14.94,6.9,87
37,68338,6089056,215,215,3,MATH,89,85,2489.2,49.41,30.59,80,12.94,7.06,85
37,68338,6089064,229,229,3,MATH,73,72,2410.4,11.11,29.17,40.28,25,34.72,72
37,67991,6093207,829,829,8,MATH,272,268,2514.6,13.06,13.06,26.12,26.87,47.01,268
37,68098,6093215,995,995,8,MATH,366,360,2486.6,6.11,10.83,16.94,23.06,60,360
37,68296,6093223,1270,1269,8,MATH,420,413,2625.9,44.07,20.58,64.65,20.1,15.25,413
37,68296,6093231,260,260,3,MATH,81,80,2489.5,45,28.75,73.75,22.5,3.75,80
37,68338,6093256,272,272,3,MATH,99,96,2459,29.17,36.46,65.63,18.75,15.63,96
37,68379,6093264,504,504,3,MATH,123,120,2411.3,9.17,25.83,35,32.5,32.5,120
37,75614,6093272,852,852,8,MATH,282,267,2492.4,2.62,12.36,14.98,30.71,54.31,267
37,68395,6094973,404,404,3,MATH,98,98,2430.7,15.31,32.65,47.96,30.61,21.43,98
37,68023,6095020,292,292,3,MATH,72,71,2453.8,36.62,35.21,71.83,14.08,14.08,71
37,68023,6095038,321,320,3,MATH,82,80,2450.5,24.05,41.77,65.82,18.99,15.19,79
37,68080,6095046,276,260,3,MATH,63,63,2465.3,30.16,34.92,65.08,25.4,9.52,63
37,68296,6095053,226,226,3,MATH,84,78,2470,33.33,33.33,66.67,23.08,10.26,78
37,73791,6095061,1332,1332,8,MATH,465,459,2579.1,28.1,20.48,48.58,26.36,25.05,459
37,68338,6096051,248,248,3,MATH,89,85,2446.1,27.06,23.53,50.59,34.12,15.29,85
37,68114,6096515,302,302,3,MATH,83,81,2491,40.74,39.51,80.25,16.05,3.7,81
37,68114,6096515,302,302,8,MATH,35,35,2600.9,25.71,31.43,57.14,31.43,11.43,35
37,68338,6096598,1041,1041,8,MATH,378,362,2608,41.16,18.78,59.94,20.17,19.89,362
37,68338,6096879,227,227,3,MATH,77,71,2490.7,42.25,33.8,76.06,18.31,5.63,71
37,68114,6096911,21,21,3,MATH,*,*,*,*,*,*,*,*,*
37,68155,6097182,223,223,8,MATH,70,70,2571.9,24.29,27.14,51.43,21.43,27.14,70
37,68213,6097190,215,215,3,MATH,48,47,2367.3,2.13,21.28,23.4,21.28,55.32,47
37,68213,6097190,215,215,8,MATH,28,27,2443.2,0,11.11,11.11,14.81,74.07,27
37,68296,6097208,207,207,3,MATH,76,76,2487.2,35.53,42.11,77.63,21.05,1.32,76
37,68296,6097216,381,381,3,MATH,127,124,2478,36.29,36.29,72.58,22.58,4.84,124
37,68338,6097844,874,873,8,MATH,275,270,2569.2,23.7,21.11,44.81,28.89,26.3,270
37,68197,6098446,221,221,3,MATH,53,53,2373.4,3.77,18.87,22.64,22.64,54.72,53
37,68379,6098453,530,530,8,MATH,288,282,2456.3,2.13,8.87,10.99,21.99,67.02,282
37,68395,6098487,463,462,3,MATH,97,96,2399.3,4.21,23.16,27.37,36.84,35.79,95
37,68338,6099055,314,314,3,MATH,103,101,2496.7,50.5,33.66,84.16,10.89,4.95,101
37,68338,6099063,367,367,8,MATH,117,111,2524.1,9.91,19.82,29.73,23.42,46.85,111
37,68338,6099071,301,301,3,MATH,106,105,2533.9,73.33,19.05,92.38,5.71,1.9,105
37,68338,6099089,180,179,3,MATH,69,65,2493,47.69,35.38,83.08,9.23,7.69,65
37,73551,6099352,190,190,3,MATH,64,61,2467.6,40.98,31.15,72.13,18.03,9.84,61
37,68080,6099402,260,260,3,MATH,64,62,2489.6,41.94,40.32,82.26,11.29,6.45,62
37,68296,6099444,255,255,3,MATH,88,86,2466.7,29.07,40.7,69.77,19.77,10.47,86
37,67991,6101794,315,315,3,MATH,107,102,2441.6,23.53,35.29,58.82,22.55,18.63,102
37,68098,6102750,325,325,3,MATH,111,110,2412.6,12.73,29.09,41.82,26.36,31.82,110
37,68346,6104749,971,970,8,MATH,523,510,2639.2,46.56,22.79,69.35,19.45,11.2,509
37,68304,6105555,292,292,3,MATH,72,72,2456,26.39,33.33,59.72,26.39,13.89,72
37,68304,6105563,760,760,8,MATH,387,382,2551.1,16.49,23.56,40.05,28.8,31.15,382
37,68163,6105845,100,100,8,MATH,30,30,2585.7,26.67,20,46.67,30,23.33,30
37,68098,6105944,1184,1183,8,MATH,414,406,2504.4,9.88,12.84,22.72,25.93,51.36,405
37,73791,6105993,450,450,3,MATH,148,143,2467,30.07,40.56,70.63,19.58,9.79,143
37,67991,6106025,321,321,3,MATH,94,94,2455.3,29.79,28.72,58.51,27.66,13.83,94
37,68080,6106132,390,390,3,MATH,92,91,2499.4,53.85,31.87,85.71,12.09,2.2,91
37,68387,6106140,75,75,3,MATH,76,75,2526.2,65.33,25.33,90.67,8,1.33,75
37,68338,6106173,428,428,3,MATH,52,52,2444.2,26.92,23.08,50,28.85,21.15,52
37,68338,6106173,428,428,8,MATH,89,89,2567.2,29.21,13.48,42.7,31.46,25.84,89
37,68338,6106181,881,881,8,MATH,292,284,2604.5,36.97,23.24,60.21,18.31,21.48,284
37,68338,6106199,550,550,3,MATH,204,201,2439.1,21.39,35.32,56.72,23.38,19.9,201
37,67967,6106256,162,162,3,MATH,66,63,2433.2,15.87,36.51,52.38,23.81,23.81,63
37,73551,6106512,311,311,3,MATH,90,90,2488.3,44.44,33.33,77.78,17.78,4.44,90
37,68296,6106520,246,246,3,MATH,78,78,2459.4,29.49,38.46,67.95,20.51,11.54,78
37,73569,6106546,282,282,3,MATH,106,106,2425.8,16.98,28.3,45.28,26.42,28.3,106
37,68452,6107031,306,306,3,MATH,81,80,2448.3,22.5,35,57.5,31.25,11.25,80
37,68338,6107056,941,941,8,MATH,306,304,2625.4,44.08,22.7,66.78,19.08,14.14,304
37,73791,6107148,389,389,3,MATH,112,112,2437,16.96,36.61,53.57,24.11,22.32,112
37,68296,6107460,1459,1459,8,MATH,485,477,2604.4,34.17,21.59,55.77,26.62,17.61,477
37,68452,6107577,1018,1012,8,MATH,343,326,2492.5,8.92,13.23,22.15,21.54,56.31,325
37,68452,6107585,421,421,3,MATH,140,140,2443.5,22.86,32.14,55,27.14,17.86,140
37,68023,6107775,312,312,3,MATH,73,73,2482.2,36.99,38.36,75.34,19.18,5.48,73
37,68098,6107882,334,334,3,MATH,113,112,2453,25,39.29,64.29,18.75,16.96,112
37,68098,6107882,334,334,8,MATH,*,*,*,*,*,*,*,*,*
37,68304,6107999,262,262,3,MATH,61,61,2419.5,13.11,34.43,47.54,21.31,31.15,61
37,73569,6108211,327,326,3,MATH,102,100,2440.1,19,36,55,27,18,100
37,68023,6108492,329,329,3,MATH,81,79,2456.8,30.38,34.18,64.56,17.72,17.72,79
37,68080,6108534,316,316,3,MATH,76,75,2490.4,46.67,30.67,77.33,16,6.67,75
37,68221,6108559,238,238,3,MATH,67,64,2435.5,20.31,29.69,50,28.13,21.88,64
37,76851,6108567,561,561,8,MATH,209,203,2593,33,19.7,52.71,28.08,19.21,203
37,68452,6108708,383,382,3,MATH,136,133,2475.9,38.35,35.34,73.68,17.29,9.02,133
37,73791,6108872,415,415,3,MATH,151,149,2454.3,34.9,24.83,59.73,20.13,20.13,149
37,67967,6109086,178,178,3,MATH,53,53,2442.2,18.87,35.85,54.72,28.3,16.98,53
37,73551,6109201,364,364,3,MATH,105,103,2473.3,44.66,23.3,67.96,21.36,10.68,103
37,68296,6109300,262,262,3,MATH,79,78,2525.3,67.95,24.36,92.31,5.13,2.56,78
37,68296,6109318,373,373,3,MATH,137,136,2482.8,46.32,25.74,72.06,15.44,12.5,136
37,68296,6109326,282,282,3,MATH,104,103,2469.1,34.95,32.04,66.99,20.39,12.62,103
37,68114,6109524,339,339,3,MATH,72,71,2463.8,26.76,35.21,61.97,19.72,18.31,71
37,68338,6109599,297,296,3,MATH,106,99,2463.9,31.63,39.8,71.43,17.35,11.22,98
37,68023,6109771,264,264,3,MATH,58,57,2462,26.32,38.6,64.91,26.32,8.77,57
37,67967,6109953,29,29,3,MATH,*,*,*,*,*,*,*,*,*
37,67967,6109953,29,29,8,MATH,*,*,*,*,*,*,*,*,*
37,73569,6109995,409,409,3,MATH,125,121,2457.6,29.75,32.23,61.98,24.79,13.22,121
37,68189,6110092,290,290,3,MATH,97,97,2408.4,10.31,26.8,37.11,27.84,35.05,97
37,68098,6110381,363,363,3,MATH,96,96,2394.1,6.25,21.88,28.13,29.17,42.71,96
37,68452,6110399,366,366,3,MATH,115,114,2458.7,28.07,42.98,71.05,12.28,16.67,114
37,68452,6110407,263,263,3,MATH,81,80,2424.6,18.75,35,53.75,11.25,35,80
37,68056,6110696,321,321,3,MATH,63,63,2538.8,74.6,19.05,93.65,6.35,0,63
37,68304,6110720,281,281,3,MATH,56,55,2424.8,9.09,36.36,45.45,36.36,18.18,55
37,67991,6110787,228,228,3,MATH,80,79,2463.6,35.44,31.65,67.09,21.52,11.39,79
37,68296,6110878,162,162,3,MATH,54,54,2510.1,53.7,29.63,83.33,12.96,3.7,54
37,68296,6110886,356,356,3,MATH,119,113,2456.5,24.78,34.51,59.29,27.43,13.27,113
37,68361,6111041,27,27,3,MATH,*,*,*,*,*,*,*,*,*
37,68361,6111041,27,27,8,MATH,*,*,*,*,*,*,*,*,*
37,68387,6111181,212,212,3,MATH,59,58,2506.6,48.28,31.03,79.31,17.24,3.45,58
37,68197,6111207,277,276,3,MATH,78,73,2426.6,16.44,30.14,46.58,27.4,26.03,73
37,68296,6111306,1235,1235,8,MATH,412,411,2656.6,57.91,16.06,73.97,14.11,11.92,411
37,68296,6111314,344,344,3,MATH,105,104,2503.5,46.15,38.46,84.62,13.46,1.92,104
37,68023,6111322,563,563,3,MATH,105,104,2462.8,28.85,34.62,63.46,25.96,10.58,104
37,68023,6111322,563,563,8,MATH,43,42,2668.9,61.9,19.05,80.95,9.52,9.52,42
37,68098,6111769,291,291,3,MATH,94,93,2393.3,10.75,19.35,30.11,27.96,41.94,93
37,73569,6111777,1419,1419,8,MATH,497,488,2568.7,26.02,23.16,49.18,20.29,30.53,488
37,67991,6112148,286,285,3,MATH,89,89,2459,29.21,33.71,62.92,21.35,15.73,89
37,68452,6112221,1095,1095,8,MATH,368,360,2519.1,8.89,18.89,27.78,28.61,43.61,360
37,68387,6112353,73,73,3,MATH,73,73,2507.7,52.05,28.77,80.82,16.44,2.74,73
37,68080,6112445,356,356,3,MATH,85,83,2499.2,46.99,37.35,84.34,13.25,2.41,83
37,68338,6112460,207,207,3,MATH,55,53,2482,32.08,47.17,79.25,16.98,3.77,53
37,68338,6112478,224,224,3,MATH,97,94,2464.1,32.98,30.85,63.83,25.53,10.64,94
37,75614,6112494,531,531,3,MATH,169,165,2388.2,6.06,16.97,23.03,30.3,46.67,165
37,68338,6112726,443,443,3,MATH,155,154,2531.2,73.38,16.88,90.26,6.49,3.25,154
37,67991,6112890,1460,1460,8,MATH,521,507,2568.8,28.4,16.96,45.36,22.09,32.54,507
37,68023,6113021,498,498,3,MATH,110,108,2437.5,14.81,38.89,53.7,27.78,18.52,108
37,68338,6113211,62,61,3,MATH,24,24,2404.2,8.33,25,33.33,25,41.67,24
37,76851,6113468,46,46,3,MATH,17,15,2412.8,6.67,20,26.67,46.67,26.67,15
37,68338,6114060,1007,1007,8,MATH,330,323,2480.3,5.88,11.76,17.65,21.36,60.99,323
37,73791,6114169,386,386,3,MATH,126,124,2439.7,22.58,31.45,54.03,29.03,16.94,124
37,68411,6114276,1747,1746,8,MATH,929,922,2571.6,23.86,19.63,43.49,28.85,27.66,922
37,68338,6114292,178,178,3,MATH,62,59,2440.1,16.95,30.51,47.46,33.9,18.64,59
37,68338,6114300,222,222,3,MATH,74,73,2382.2,2.74,21.92,24.66,23.29,52.05,73
37,68338,6114375,480,480,3,MATH,176,174,2400.2,7.47,21.84,29.31,29.89,40.8,174
37,68296,6114854,283,283,3,MATH,95,91,2451.5,25.27,35.16,60.44,27.47,12.09,91
37,73569,6115299,220,220,3,MATH,64,60,2409.5,1.67,30,31.67,38.33,30,60
37,73569,6115299,220,220,8,MATH,26,26,2603,34.62,15.38,50,30.77,19.23,26
37,67983,6115315,96,96,8,MATH,28,28,2469.7,3.57,7.14,10.71,21.43,67.86,28
37,68338,6115331,1590,1590,8,MATH,579,573,2635.5,46.42,23.91,70.33,17.8,11.87,573
37,73791,6115349,293,293,3,MATH,99,98,2414.6,11.22,26.53,37.76,32.65,29.59,98
37,68338,6115570,149,147,3,MATH,25,25,2459.7,26.09,43.48,69.57,13.04,17.39,23
37,68338,6115570,149,147,8,MATH,25,24,2573.2,29.17,16.67,45.83,37.5,16.67,24
37,68056,6115620,302,302,3,MATH,68,67,2499,55.22,23.88,79.1,16.42,4.48,67
37,68023,6115646,341,341,3,MATH,81,81,2438.4,22.22,33.33,55.56,20.99,23.46,81
37,68023,6115778,846,846,3,MATH,143,143,2415.2,16.08,22.38,38.46,27.97,33.57,143
37,68023,6115778,846,846,8,MATH,119,119,2560.5,16.81,21.85,38.66,34.45,26.89,119
37,68023,6115778,846,846,11,MATH,81,80,2579.5,2.5,28.75,31.25,38.75,30,80
37,68395,6116008,527,482,3,MATH,119,118,2380.5,2.54,18.64,21.19,35.59,43.22,118
37,73791,6116206,527,527,3,MATH,185,184,2488.8,44.02,36.41,80.43,14.13,5.43,184
37,68023,6116396,377,377,3,MATH,76,75,2464.7,37.33,25.33,62.67,30.67,6.67,75
37,68114,6116420,302,302,3,MATH,73,73,2449.8,27.4,32.88,60.27,24.66,15.07,73
37,73551,6116578,432,432,3,MATH,146,135,2529.6,73.33,22.96,96.3,3.7,0,135
37,68098,6116776,901,861,3,MATH,126,119,2427.2,12.61,31.09,43.7,33.61,22.69,119
37,68098,6116776,901,861,8,MATH,200,182,2552.8,17.16,22.49,39.64,27.22,33.14,169
37,68023,6116859,645,645,3,MATH,100,97,2464.2,29.9,37.11,67.01,19.59,13.4,97
37,68023,6116859,645,645,8,MATH,70,70,2659.9,55.71,28.57,84.29,12.86,2.86,70
37,68411,6117154,23,23,8,MATH,22,16,2449.1,0,0,0,25,75,16
37,68338,6117279,85,85,3,MATH,*,*,*,*,*,*,*,*,*
37,68338,6117279,85,85,8,MATH,19,17,2513.3,0,11.76,11.76,47.06,41.18,17
37,67991,6117295,17,17,8,MATH,*,*,*,*,*,*,*,*,*
37,68155,6117303,89,89,3,MATH,23,15,2416.5,20,26.67,46.67,13.33,40,15
37,68155,6117303,89,89,8,MATH,19,13,2539.6,15.38,7.69,23.08,30.77,46.15,13
37,68155,6117303,89,89,11,MATH,*,*,*,*,*,*,*,*,*
37,68346,6117352,1165,1165,8,MATH,614,603,2682.8,67.16,16.09,83.25,8.96,7.79,603
37,68296,6117469,260,260,3,MATH,84,82,2511.5,59.76,30.49,90.24,9.76,0,82
37,68338,6117683,189,189,3,MATH,72,72,2425.9,16.67,25,41.67,25,33.33,72
37,68080,6117709,353,353,3,MATH,82,81,2492.5,43.21,40.74,83.95,11.11,4.94,81
37,68056,6117923,452,452,3,MATH,110,109,2504.8,49.54,37.61,87.16,9.17,3.67,109
37,73551,6118137,1106,1106,8,MATH,392,388,2635.3,47.16,18.3,65.46,20.36,14.18,388
37,67991,6118319,29,29,3,MATH,*,*,*,*,*,*,*,*,*
37,67991,6118319,29,29,8,MATH,*,*,*,*,*,*,*,*,*
37,68023,6118970,524,524,3,MATH,145,144,2459.9,29.86,34.72,64.58,25.69,9.72,144
37,68023,6118988,462,462,3,MATH,104,104,2435.5,21.15,35.58,56.73,19.23,24.04,104
37,68338,6119135,363,363,3,MATH,137,135,2521.9,65.93,23.7,89.63,9.63,0.74,135
37,68338,6119168,291,291,3,MATH,50,48,2412.8,16.67,18.75,35.42,22.92,41.67,48
37,68338,6119168,291,291,8,MATH,46,46,2526.4,10.87,19.57,30.43,34.78,34.78,46
37,75416,6119275,32,32,8,MATH,*,*,*,*,*,*,*,*,*
37,75416,6119275,32,32,11,MATH,23,19,2452,0,0,0,15.79,84.21,19
37,68379,6119341,732,732,8,MATH,142,140,2598.5,30.71,26.43,57.14,20,22.86,140
37,68049,6119564,551,478,3,MATH,80,79,2379.9,9.23,18.46,27.69,26.15,46.15,65
37,68049,6119564,551,478,8,MATH,81,79,2515.1,12.86,11.43,24.29,28.57,47.14,70
37,68049,6119564,551,478,11,MATH,76,74,2492.8,3.28,6.56,9.84,14.75,75.41,61
37,68338,6119598,252,252,3,MATH,24,24,2361.3,0,12.5,12.5,25,62.5,24
37,68338,6119598,252,252,8,MATH,53,53,2506.5,3.77,16.98,20.75,33.96,45.28,53
37,73569,6119713,328,328,3,MATH,118,114,2440.1,17.54,35.09,52.63,29.82,17.54,114
37,68361,6120190,12,12,8,MATH,*,*,*,*,*,*,*,*,*
37,68056,6120596,397,397,3,MATH,105,105,2487.2,37.14,37.14,74.29,20,5.71,105
37,73551,6120711,246,246,3,MATH,81,79,2459.9,32.91,36.71,69.62,15.19,15.19,79
37,68403,6120893,1014,1013,3,MATH,106,97,2371.9,9.28,13.4,22.68,20.62,56.7,97
37,68403,6120893,1014,1013,8,MATH,230,203,2492.6,5.42,11.33,16.75,26.6,56.65,203
37,68403,6120893,1014,1013,11,MATH,235,207,2517.5,3.38,9.66,13.04,25.12,61.84,207
37,68189,6120901,63,63,3,MATH,14,14,2382.1,0,14.29,14.29,14.29,71.43,14
37,68189,6120901,63,63,8,MATH,*,*,*,*,*,*,*,*,*
37,68338,6120935,374,374,3,MATH,127,126,2436.5,25.4,19.05,44.44,28.57,26.98,126
37,68411,6120968,1563,1560,8,MATH,814,768,2590.2,28.98,23.76,52.74,26.5,20.76,766